symbol,first_real_ts,first_real_src,first_ts_v1,r2_D0_v1,r2_gap_excluded,status,keep,reason_excluded,uncertain
DUSKUSDT,2022-01-07 03:30,aero_1m,2022-01-07 04:00,2022-01-07,False,active,True,,
FLOWUSDT,2022-02-10 03:30,aero_1m,2022-02-10 04:00,2022-02-10,False,active,True,,
IMXUSDT,2022-02-11 03:31,aero_1m,2022-02-11 04:00,2022-02-11,False,active,True,,
API3USDT,2022-02-22 03:31,aero_1m,2022-02-22 04:00,2022-02-22,False,active,True,,
ANCUSDT,2022-03-08 03:30,aero_1m,2022-03-08 04:00,2022-03-08,False,delisted,True,,
GMTUSDT,2022-03-15 04:00,aero_1m,2022-03-15 05:00,2022-03-15,False,active,True,,
APEUSDT,2022-03-17 15:00,aero_1m,2022-03-17 16:00,2022-03-17,False,active,True,,
WOOUSDT,2022-04-08 03:30,aero_1m,2022-04-08 04:00,2022-04-08,False,active,True,,
FTTUSDT,2022-04-15 03:30,aero_1m,2022-04-15 04:00,2022-04-15,False,delisted,True,,
JASMYUSDT,2022-04-20 03:30,aero_1m,2022-04-20 04:00,2022-04-20,False,active,True,,
DARUSDT,2022-04-29 03:30,aero_1m,2022-04-29 04:00,2022-04-29,False,renamed_to:DUSDT,True,,"rename da biet nhung ma moi niem yet ngoai cua so [-3d,+14d]: DARUSDT->DUSDT dt=+14.0d ratio=1.258 (ratio lech)"
GALUSDT,2022-05-05 14:00,aero_1m,2022-05-05 15:00,2022-05-05,False,renamed_to:GUSDT,True,,"rename da biet nhung ma moi niem yet ngoai cua so [-3d,+14d]: GALUSDT->GUSDT dt=+35.1d ratio=0.01586"
OPUSDT,2022-06-01 14:01,aero_1m,2022-06-01 15:00,2022-06-01,False,active,True,,
INJUSDT,2022-08-17 02:45,aero_1m,2022-08-17 03:00,2022-08-17,False,active,True,,
STGUSDT,2022-08-25 12:00,aero_1m,2022-08-25 13:00,2022-08-25,False,active,True,,
SPELLUSDT,2022-09-06 12:00,aero_1m,2022-09-06 13:00,2022-09-06,False,active,True,,
LUNA2USDT,2022-09-10 03:00,aero_1m,2022-09-10 04:00,2022-09-10,False,active,True,,Terra 2.0 (chain moi sau sap LUNA 2022-05) — giu active/listing; prior auditor khong xep nhiem
LDOUSDT,2022-09-22 12:00,aero_1m,2022-09-22 13:00,2022-09-22,False,active,True,,
APTUSDT,2022-10-19 02:00,aero_1m,2022-10-19 03:00,2022-10-19,False,active,True,,
QNTUSDT,2022-10-20 02:30,aero_1m,2022-10-20 03:00,2022-10-20,False,active,True,,
FETUSDT,2023-01-17 02:30,aero_1m,2023-01-17 03:00,2023-01-17,False,active,True,,"rename da biet nhung ma moi niem yet ngoai cua so [-3d,+14d]: OCEANUSDT->FETUSDT dt=-525.3d ratio=0.3352 (ratio lech) | rename da biet nhung ma moi niem yet ngoai cua so [-3d,+14d]: AGIXUSDT->FETUSDT dt=-525.3d ratio=0.3381 (ratio lech)"
FXSUSDT,2023-01-20 03:00,aero_1m,2023-01-20 04:00,2023-01-20,False,active,True,,
HOOKUSDT,2023-01-23 03:00,aero_1m,2023-01-23 04:00,2023-01-23,False,active,True,,
MAGICUSDT,2023-01-25 03:00,aero_1m,2023-01-25 04:00,2023-01-25,False,active,True,,
TUSDT,2023-02-01 13:00,aero_1m,2023-02-01 14:00,2023-02-01,False,active,True,,"rename da biet nhung ma moi niem yet ngoai cua so [-3d,+14d]: KEEPUSDT->TUSDT dt=+351.5d ratio=0.07941 (ratio lech) | rename da biet nhung ma moi niem yet ngoai cua so [-3d,+14d]: NUUSDT->TUSDT dt=+351.5d ratio=0.09077 | Threshold T (merge NU+KEEP 2022) — futures T niem yet 2023-02, cach ~1 nam -> giu listing"
RNDRUSDT,2023-02-03 02:30,aero_1m,2023-02-03 03:00,2023-02-03,False,renamed_to:RENDERUSDT,True,,
HIGHUSDT,2023-02-07 02:30,aero_1m,2023-02-07 03:00,2023-02-07,False,active,True,,
MINAUSDT,2023-02-07 11:00,aero_1m,2023-02-07 12:00,2023-02-07,False,active,True,,
ASTRUSDT,2023-02-14 02:30,aero_1m,2023-02-14 03:00,2023-02-14,False,active,True,,
AGIXUSDT,2023-02-16 14:15,aero_1m,2023-02-16 15:00,2023-02-16,False,renamed_to:FETUSDT,True,,"rename da biet nhung ma moi niem yet ngoai cua so [-3d,+14d]: AGIXUSDT->FETUSDT dt=-525.3d ratio=0.3381 (ratio lech)"
PHBUSDT,2023-02-16 14:30,aero_1m,2023-02-16 15:00,2023-02-16,False,active,True,,
GMXUSDT,2023-02-17 14:30,aero_1m,2023-02-17 15:00,2023-02-17,False,active,True,,
CFXUSDT,2023-02-20 14:30,aero_1m,2023-02-20 15:00,2023-02-20,False,active,True,,
STXUSDT,2023-02-21 14:30,aero_1m,2023-02-21 15:00,2023-02-21,False,active,True,,
ACHUSDT,2023-02-22 14:30,aero_1m,2023-02-22 15:00,2023-02-22,False,active,True,,
SSVUSDT,2023-02-24 12:00,aero_1m,2023-02-24 13:00,2023-02-24,False,active,True,,
CKBUSDT,2023-02-28 12:00,aero_1m,2023-02-28 13:00,2023-02-28,False,active,True,,
PERPUSDT,2023-03-06 12:00,aero_1m,2023-03-06 13:00,2023-03-06,False,delisted,True,,
TRUUSDT,2023-03-07 12:00,aero_1m,2023-03-07 13:00,2023-03-07,False,active,True,,
LQTYUSDT,2023-03-10 12:00,aero_1m,2023-03-10 13:00,2023-03-10,False,active,True,,
IDUSDT,2023-03-23 14:30,aero_1m,2023-03-23 15:00,2023-03-23,False,active,True,,
ARBUSDT,2023-03-23 15:01,aero_1m,2023-03-23 16:00,2023-03-23,False,active,True,,
JOEUSDT,2023-03-29 12:12,aero_1m,2023-03-29 13:00,2023-03-29,False,active,True,,
AMBUSDT,2023-03-30 12:00,aero_1m,2023-03-30 13:00,2023-03-30,False,delisted,True,,
LEVERUSDT,2023-03-30 12:15,aero_1m,2023-03-30 13:00,2023-03-30,False,delisted,True,,
RDNTUSDT,2023-04-05 12:00,aero_1m,2023-04-05 13:00,2023-04-05,False,active,True,,
HFTUSDT,2023-04-06 12:00,aero_1m,2023-04-06 13:00,2023-04-06,False,active,True,,
XVSUSDT,2023-04-13 02:30,aero_1m,2023-04-13 03:00,2023-04-13,False,active,True,,
BLURUSDT,2023-04-28 12:00,aero_1m,2023-04-28 13:00,2023-04-28,False,active,True,,
EDUUSDT,2023-04-30 12:00,aero_1m,2023-04-30 13:00,2023-04-30,False,active,True,,
IDEXUSDT,2023-05-03 12:00,aero_1m,2023-05-03 13:00,2023-05-03,False,delisted,True,,
SUIUSDT,2023-05-03 16:00,aero_1m,2023-05-03 17:00,2023-05-03,False,active,True,,
1000PEPEUSDT,2023-05-05 16:30,aero_1m,2023-05-05 17:00,2023-05-05,False,active,True,,
1000FLOKIUSDT,2023-05-06 16:30,aero_1m,2023-05-06 17:00,2023-05-06,False,active,True,,
RADUSDT,2023-05-10 12:00,aero_1m,2023-05-10 13:00,2023-05-10,False,delisted,True,,
UMAUSDT,2023-05-10 12:30,aero_1m,2023-05-10 13:00,2023-05-10,False,active,True,,
KEYUSDT,2023-05-24 12:00,aero_1m,2023-05-24 13:00,2023-05-24,False,delisted,True,,
COMBOUSDT,2023-06-02 12:00,aero_1m,2023-06-02 13:00,2023-06-02,False,delisted,True,,
NMRUSDT,2023-06-22 12:00,aero_1m,2023-06-22 13:00,2023-06-22,False,active,True,,
MAVUSDT,2023-06-29 12:00,aero_1m,2023-06-29 13:00,2023-06-29,False,active,True,,
MDTUSDT,2023-06-30 12:00,aero_1m,2023-06-30 13:00,2023-06-30,False,delisted,True,,
XVGUSDT,2023-07-05 12:00,aero_1m,2023-07-05 13:00,2023-07-05,False,active,True,,
WLDUSDT,2023-07-24 12:00,aero_1m,2023-07-24 13:00,2023-07-24,False,active,True,,
PENDLEUSDT,2023-07-28 02:30,aero_1m,2023-07-28 03:00,2023-07-28,False,active,True,,
ARKMUSDT,2023-07-28 02:45,aero_1m,2023-07-28 03:00,2023-07-28,False,active,True,,
AGLDUSDT,2023-07-29 02:30,aero_1m,2023-07-29 03:00,2023-07-29,False,active,True,,
YGGUSDT,2023-08-05 03:30,aero_1m,2023-08-05 04:00,2023-08-05,False,active,True,,
DODOXUSDT,2023-08-08 12:00,aero_1m,2023-08-08 13:00,2023-08-08,False,active,True,,
OXTUSDT,2023-08-11 12:00,aero_1m,2023-08-11 13:00,2023-08-11,False,active,True,,
SEIUSDT,2023-08-17 02:30,aero_1m,2023-08-17 03:00,2023-08-17,False,active,True,,
CYBERUSDT,2023-08-21 12:00,aero_1m,2023-08-21 13:00,2023-08-21,False,active,True,,
HIFIUSDT,2023-09-16 14:30,aero_1m,2023-09-16 15:00,2023-09-16,False,delisted,True,,
ARKUSDT,2023-09-19 14:30,aero_1m,2023-09-19 15:00,2023-09-19,False,active,True,,
FRONTUSDT,2023-09-22 14:30,aero_1m,2023-09-22 15:00,2023-09-22,False,delisted,True,,
GLMRUSDT,2023-09-26 01:30,aero_1m,2023-09-26 02:00,2023-09-26,False,delisted,True,,
BICOUSDT,2023-09-28 12:30,aero_1m,2023-09-28 13:00,2023-09-28,False,active,True,,
STRAXUSDT,2023-10-11 02:30,aero_1m,2023-10-11 03:00,2023-10-11,False,delisted,True,,
LOOMUSDT,2023-10-11 14:30,aero_1m,2023-10-11 15:00,2023-10-11,False,delisted,True,,
BIGTIMEUSDT,2023-10-12 14:30,aero_1m,2023-10-12 15:00,2023-10-12,False,active,True,,
BONDUSDT,2023-10-15 14:30,aero_1m,2023-10-15 15:00,2023-10-15,False,delisted,True,,"ung vien rename heuristic (gia 1:1 +-5%, khong co trong danh sach da biet): BONDUSDT->FARTCOINUSDT dt=+4.4d ratio=0.9629"
ORBSUSDT,2023-10-17 06:00,aero_1m,2023-10-17 07:00,2023-10-17,False,delisted,True,,
WAXPUSDT,2023-10-18 14:45,aero_1m,2023-10-18 15:00,2023-10-18,False,active,True,,
POLYXUSDT,2023-10-25 02:30,aero_1m,2023-10-25 03:00,2023-10-25,False,active,True,,
GASUSDT,2023-10-25 02:45,aero_1m,2023-10-25 03:00,2023-10-25,False,active,True,,
POWRUSDT,2023-10-27 02:30,aero_1m,2023-10-27 03:00,2023-10-27,False,active,True,,
TIAUSDT,2023-10-31 18:00,aero_1m,2023-10-31 19:00,2023-10-31,False,active,True,,
CAKEUSDT,2023-11-02 12:45,aero_1m,2023-11-02 13:00,2023-11-02,False,active,True,,
MEMEUSDT,2023-11-03 12:00,aero_1m,2023-11-03 13:00,2023-11-03,False,active,True,,
TWTUSDT,2023-11-03 14:30,aero_1m,2023-11-03 15:00,2023-11-03,False,active,True,,
TOKENUSDT,2023-11-03 15:00,aero_1m,2023-11-03 16:00,2023-11-03,False,delisted,True,,
ORDIUSDT,2023-11-07 12:30,aero_1m,2023-11-07 13:00,2023-11-07,False,active,True,,
STEEMUSDT,2023-11-08 14:30,aero_1m,2023-11-08 15:00,2023-11-08,False,active,True,,
BADGERUSDT,2023-11-09 12:30,aero_1m,2023-11-09 13:00,2023-11-09,False,delisted,True,,
ILVUSDT,2023-11-10 16:30,aero_1m,2023-11-10 17:00,2023-11-10,False,active,True,,
NTRNUSDT,2023-11-14 12:00,aero_1m,2023-11-14 13:00,2023-11-14,False,active,True,,
KASUSDT,2023-11-17 02:00,aero_1m,2023-11-17 03:00,2023-11-17,False,active,True,,
BEAMXUSDT,2023-11-17 13:30,aero_1m,2023-11-17 14:00,2023-11-17,False,active,True,,
1000BONKUSDT,2023-11-22 14:00,aero_1m,2023-11-22 15:00,2023-11-22,False,active,True,,
PYTHUSDT,2023-11-22 14:30,aero_1m,2023-11-22 15:00,2023-11-22,False,active,True,,
SUPERUSDT,2023-11-26 13:00,aero_1m,2023-11-26 14:00,2023-11-26,False,active,True,,
ONGUSDT,2023-11-27 13:00,aero_1m,2023-11-27 14:00,2023-11-27,False,active,True,,
ETHWUSDT,2023-11-28 12:30,aero_1m,2023-11-28 13:00,2023-11-28,False,active,True,,
JTOUSDT,2023-12-08 10:01,aero_1m,2023-12-08 11:00,2023-12-08,False,active,True,,
1000SATSUSDT,2023-12-12 14:00,aero_1m,2023-12-12 15:00,2023-12-12,False,active,True,,
AUCTIONUSDT,2023-12-15 13:00,aero_1m,2023-12-15 14:00,2023-12-15,False,active,True,,
1000RATSUSDT,2023-12-15 14:00,aero_1m,2023-12-15 15:00,2023-12-15,False,active,True,,
ACEUSDT,2023-12-18 10:00,aero_1m,2023-12-18 11:00,2023-12-18,False,active,True,,
MOVRUSDT,2023-12-26 12:30,aero_1m,2023-12-26 13:00,2023-12-26,False,active,True,,
NFPUSDT,2023-12-27 13:30,aero_1m,2023-12-27 14:00,2023-12-27,False,active,True,,
AIUSDT,2024-01-08 12:30,aero_1m,2024-01-08 13:00,2024-01-08,False,active,True,,
XAIUSDT,2024-01-09 14:00,aero_1m,2024-01-09 15:00,2024-01-09,False,active,True,,
MANTAUSDT,2024-01-18 14:00,aero_1m,2024-01-18 15:00,2024-01-18,False,active,True,,
WIFUSDT,2024-01-18 14:15,aero_1m,2024-01-18 15:00,2024-01-18,False,active,True,,
ONDOUSDT,2024-01-20 13:00,aero_1m,2024-01-20 14:00,2024-01-20,False,active,True,,
ALTUSDT,2024-01-25 14:00,aero_1m,2024-01-25 15:00,2024-01-25,False,active,True,,
LSKUSDT,2024-01-25 14:15,aero_1m,2024-01-25 15:00,2024-01-25,False,active,True,,
JUPUSDT,2024-01-31 18:30,aero_1m,2024-01-31 19:00,2024-01-31,False,active,True,,
ZETAUSDT,2024-02-02 08:30,aero_1m,2024-02-02 09:00,2024-02-02,False,active,True,,
RONINUSDT,2024-02-06 04:30,aero_1m,2024-02-06 05:00,2024-02-06,False,active,True,,
DYMUSDT,2024-02-07 07:00,aero_1m,2024-02-07 08:00,2024-02-07,False,active,True,,
OMUSDT,2024-02-13 14:00,aero_1m,2024-02-13 15:00,2024-02-13,False,active,True,,
PIXELUSDT,2024-02-19 15:00,aero_1m,2024-02-19 16:00,2024-02-19,False,active,True,,
STRKUSDT,2024-02-20 17:00,aero_1m,2024-02-20 18:00,2024-02-20,False,active,True,,
GLMUSDT,2024-02-22 10:00,aero_1m,2024-02-22 11:00,2024-02-22,False,active,True,,
PORTALUSDT,2024-02-29 15:00,aero_1m,2024-02-29 16:00,2024-02-29,False,active,True,,
TONUSDT,2024-03-01 12:31,aero_1m,2024-03-01 13:00,2024-03-01,False,active,True,,
AXLUSDT,2024-03-01 15:30,aero_1m,2024-03-01 16:00,2024-03-01,False,active,True,,
MYROUSDT,2024-03-05 08:30,aero_1m,2024-03-05 09:00,2024-03-05,False,delisted,True,,
METISUSDT,2024-03-12 08:30,aero_1m,2024-03-12 09:00,2024-03-12,False,active,True,,
AEVOUSDT,2024-03-13 13:30,aero_1m,2024-03-13 14:00,2024-03-13,False,active,True,,
VANRYUSDT,2024-03-13 17:30,aero_1m,2024-03-13 18:00,2024-03-13,False,active,True,,
BOMEUSDT,2024-03-16 12:30,aero_1m,2024-03-16 13:00,2024-03-16,False,active,True,,
ETHFIUSDT,2024-03-18 15:30,aero_1m,2024-03-18 16:00,2024-03-18,False,active,True,,
ENAUSDT,2024-04-02 12:30,aero_1m,2024-04-02 13:00,2024-04-02,False,active,True,,
WUSDT,2024-04-03 15:30,aero_1m,2024-04-03 16:00,2024-04-03,False,active,True,,
TNSRUSDT,2024-04-08 17:00,aero_1m,2024-04-08 18:00,2024-04-08,False,active,True,,
SAGAUSDT,2024-04-09 10:30,aero_1m,2024-04-09 11:00,2024-04-09,False,active,True,,
TAOUSDT,2024-04-11 14:30,aero_1m,2024-04-11 15:00,2024-04-11,False,active,True,,
OMNIUSDT,2024-04-17 14:00,aero_1m,2024-04-17 15:00,2024-04-17,False,delisted,True,,
REZUSDT,2024-04-30 14:00,aero_1m,2024-04-30 15:00,2024-04-30,False,active,True,,
BBUSDT,2024-05-13 12:30,aero_1m,2024-05-13 13:00,2024-05-13,False,active,True,,
NOTUSDT,2024-05-16 14:00,aero_1m,2024-05-16 15:00,2024-05-16,False,active,True,,
TURBOUSDT,2024-05-30 15:30,aero_1m,2024-05-30 16:00,2024-05-30,False,active,True,,
IOUSDT,2024-06-11 14:00,aero_1m,2024-06-11 15:00,2024-06-11,False,active,True,,
ZKUSDT,2024-06-17 11:07,aero_1m,2024-06-17 12:00,2024-06-17,False,active,True,,
MEWUSDT,2024-06-17 14:00,aero_1m,2024-06-17 15:00,2024-06-17,False,active,True,,
LISTAUSDT,2024-06-20 12:30,aero_1m,2024-06-20 13:00,2024-06-20,False,active,True,,
ZROUSDT,2024-06-20 14:30,aero_1m,2024-06-20 15:00,2024-06-20,False,active,True,,
BANANAUSDT,2024-08-15 02:00,aero_1m,2024-08-15 03:00,2024-08-15,False,active,True,,
RAREUSDT,2024-08-15 13:00,aero_1m,2024-08-15 14:00,2024-08-15,False,active,True,,
SYNUSDT,2024-08-16 12:30,aero_1m,2024-08-16 13:00,2024-08-16,False,active,True,,
SYSUSDT,2024-08-19 12:30,aero_1m,2024-08-19 13:00,2024-08-19,False,active,True,,
VOXELUSDT,2024-08-20 10:30,aero_1m,2024-08-20 11:00,2024-08-20,False,delisted,True,,
BRETTUSDT,2024-08-20 10:35,aero_1m,2024-08-20 11:00,2024-08-20,False,active,True,,
ALPACAUSDT,2024-08-22 10:30,aero_1m,2024-08-22 11:00,2024-08-22,False,delisted,True,,"ung vien rename heuristic (gia 1:1 +-5%, khong co trong danh sach da biet): ALPACAUSDT->ALPINEUSDT dt=+6.0d ratio=0.9828"
POPCATUSDT,2024-08-22 13:00,aero_1m,2024-08-22 14:00,2024-08-22,False,active,True,,
SUNUSDT,2024-08-22 13:05,aero_1m,2024-08-22 14:00,2024-08-22,False,active,True,,
VIDTUSDT,2024-08-23 09:30,aero_1m,2024-08-23 10:00,2024-08-23,False,delisted,True,,
NULSUSDT,2024-08-26 08:30,aero_1m,2024-08-26 09:00,2024-08-26,False,delisted,True,,
DOGSUSDT,2024-08-26 12:30,aero_1m,2024-08-26 13:00,2024-08-26,False,active,True,,
MBOXUSDT,2024-08-28 09:30,aero_1m,2024-08-28 10:00,2024-08-28,False,active,True,,
CHESSUSDT,2024-08-29 07:30,aero_1m,2024-08-29 08:00,2024-08-29,False,active,True,,
FLUXUSDT,2024-09-03 07:00,aero_1m,2024-09-03 08:00,2024-09-03,False,active,True,,
BSWUSDT,2024-09-05 06:00,aero_1m,2024-09-05 07:00,2024-09-05,False,delisted,True,,
QUICKUSDT,2024-09-06 05:00,aero_1m,2024-09-06 06:00,2024-09-06,False,delisted,True,,
NEIROETHUSDT,2024-09-06 14:00,aero_1m,2024-09-06 15:00,2024-09-06,False,delisted,True,,
RPLUSDT,2024-09-09 12:30,aero_1m,2024-09-09 13:00,2024-09-09,False,active,True,,
AERGOUSDT,2024-09-10 12:15,aero_1m,2024-09-10 13:00,2024-09-10,False,active,True,,
UXLINKUSDT,2024-09-15 15:00,aero_1m,2024-09-15 16:00,2024-09-15,False,delisted,True,,"ung vien rename heuristic (gia 1:1 +-5%, khong co trong danh sach da biet): UXLINKUSDT->HANAUSDT dt=+0.1d ratio=1.022 | ung vien rename heuristic (gia 1:1 +-5%, khong co trong danh sach da biet): MATICUSDT->UXLINKUSDT dt=+11.3d ratio=1.018"
NEIROUSDT,2024-09-16 11:32,aero_1m,2024-09-16 12:00,2024-09-16,False,active,True,,
1MBABYDOGEUSDT,2024-09-16 11:35,aero_1m,2024-09-16 12:00,2024-09-16,False,active,True,,
KDAUSDT,2024-09-18 13:30,aero_1m,2024-09-18 14:00,2024-09-18,False,delisted,True,,
FIDAUSDT,2024-09-19 12:30,aero_1m,2024-09-19 13:00,2024-09-19,False,active,True,,
CATIUSDT,2024-09-20 11:30,aero_1m,2024-09-20 12:00,2024-09-20,False,active,True,,
FIOUSDT,2024-09-20 11:30,aero_1m,2024-09-20 12:00,2024-09-20,False,active,True,,
GHSTUSDT,2024-09-23 13:00,aero_1m,2024-09-23 14:00,2024-09-23,False,active,True,,
LOKAUSDT,2024-09-24 11:30,aero_1m,2024-09-24 12:00,2024-09-24,False,delisted,True,,
HMSTRUSDT,2024-09-26 12:30,aero_1m,2024-09-26 13:00,2024-09-26,False,active,True,,
REIUSDT,2024-09-27 11:00,aero_1m,2024-09-27 12:00,2024-09-27,False,delisted,True,,
COSUSDT,2024-09-30 13:00,aero_1m,2024-09-30 14:00,2024-09-30,False,active,True,,
EIGENUSDT,2024-10-01 06:00,aero_1m,2024-10-01 07:00,2024-10-01,False,active,True,,
DIAUSDT,2024-10-02 12:30,aero_1m,2024-10-02 13:00,2024-10-02,False,active,True,,
1000CATUSDT,2024-10-21 12:30,aero_1m,2024-10-21 13:00,2024-10-21,False,active,True,,
SCRUSDT,2024-10-22 10:00,aero_1m,2024-10-22 11:00,2024-10-22,False,active,True,,
GOATUSDT,2024-10-24 13:30,aero_1m,2024-10-24 14:00,2024-10-24,False,active,True,,
MOODENGUSDT,2024-10-25 10:00,aero_1m,2024-10-25 11:00,2024-10-25,False,active,True,,
SAFEUSDT,2024-10-25 12:30,aero_1m,2024-10-25 13:00,2024-10-25,False,active,True,,
SANTOSUSDT,2024-10-28 14:00,aero_1m,2024-10-28 15:00,2024-10-28,False,active,True,,
TROYUSDT,2024-10-31 13:00,aero_1m,2024-10-31 14:00,2024-10-31,False,delisted,True,,
PONKEUSDT,2024-11-04 12:30,aero_1m,2024-11-04 13:00,2024-11-04,False,delisted,True,,
COWUSDT,2024-11-06 13:30,aero_1m,2024-11-06 14:00,2024-11-06,False,active,True,,
CETUSUSDT,2024-11-06 14:00,aero_1m,2024-11-06 15:00,2024-11-06,False,active,True,,
1000000MOGUSDT,2024-11-07 12:30,aero_1m,2024-11-07 13:00,2024-11-07,False,active,True,,
GRASSUSDT,2024-11-08 15:30,aero_1m,2024-11-08 16:00,2024-11-08,False,active,True,,
DRIFTUSDT,2024-11-08 15:45,aero_1m,2024-11-08 16:00,2024-11-08,False,active,True,,
SWELLUSDT,2024-11-08 16:00,aero_1m,2024-11-08 17:00,2024-11-08,False,delisted,True,,
ACTUSDT,2024-11-11 12:15,aero_1m,2024-11-11 13:00,2024-11-11,False,active,True,,
PNUTUSDT,2024-11-11 12:30,aero_1m,2024-11-11 13:00,2024-11-11,False,active,True,,
1000XUSDT,2024-11-13 12:30,aero_1m,2024-11-13 13:00,2024-11-13,False,delisted,True,,
HIPPOUSDT,2024-11-13 12:30,aero_1m,2024-11-13 13:00,2024-11-13,False,active,True,,
DEGENUSDT,2024-11-15 11:30,aero_1m,2024-11-15 12:00,2024-11-15,False,active,True,,
AKTUSDT,2024-11-18 11:30,aero_1m,2024-11-18 12:00,2024-11-18,False,active,True,,
BANUSDT,2024-11-18 11:30,aero_1m,2024-11-18 12:00,2024-11-18,False,active,True,,
SCRTUSDT,2024-11-21 11:30,aero_1m,2024-11-21 12:00,2024-11-21,False,active,True,,
SLERFUSDT,2024-11-21 11:30,aero_1m,2024-11-21 12:00,2024-11-21,False,delisted,True,,
1000WHYUSDT,2024-11-25 11:31,aero_1m,2024-11-25 12:00,2024-11-25,False,active,True,,
1000CHEEMSUSDT,2024-11-25 11:45,aero_1m,2024-11-25 12:00,2024-11-25,False,active,True,,
THEUSDT,2024-11-27 12:15,aero_1m,2024-11-27 13:00,2024-11-27,False,active,True,,
MORPHOUSDT,2024-11-27 14:30,aero_1m,2024-11-27 15:00,2024-11-27,False,active,True,,
CHILLGUYUSDT,2024-11-27 14:45,aero_1m,2024-11-27 15:00,2024-11-27,False,active,True,,
AEROUSDT,2024-12-04 14:15,aero_1m,2024-12-04 15:00,2024-12-04,False,active,True,,
ACXUSDT,2024-12-06 15:00,aero_1m,2024-12-06 16:00,2024-12-06,False,active,True,,
ORCAUSDT,2024-12-06 15:00,aero_1m,2024-12-06 16:00,2024-12-06,False,active,True,,
MOVEUSDT,2024-12-09 14:00,aero_1m,2024-12-09 15:00,2024-12-09,False,active,True,,
KOMAUSDT,2024-12-10 12:15,aero_1m,2024-12-10 13:00,2024-12-10,False,active,True,,
VIRTUALUSDT,2024-12-10 12:30,aero_1m,2024-12-10 13:00,2024-12-10,False,active,True,,
SPXUSDT,2024-12-10 12:45,aero_1m,2024-12-10 13:00,2024-12-10,False,active,True,,
MEUSDT,2024-12-10 17:00,aero_1m,2024-12-10 18:00,2024-12-10,False,active,True,,
AVAUSDT,2024-12-13 13:00,aero_1m,2024-12-13 14:00,2024-12-13,False,active,True,,
DEGOUSDT,2024-12-13 13:15,aero_1m,2024-12-13 14:00,2024-12-13,False,active,True,,
VELODROMEUSDT,2024-12-13 16:15,aero_1m,2024-12-13 17:00,2024-12-13,False,active,True,,
MOCAUSDT,2024-12-16 11:30,aero_1m,2024-12-16 12:00,2024-12-16,False,active,True,,
VANAUSDT,2024-12-16 13:30,aero_1m,2024-12-16 14:00,2024-12-16,False,active,True,,
PENGUUSDT,2024-12-17 16:15,aero_1m,2024-12-17 17:00,2024-12-17,False,active,True,,"ung vien rename heuristic (gia 1:1 +-5%, khong co trong danh sach da biet): XEMUSDT->PENGUUSDT dt=+8.3d ratio=0.9556"
LUMIAUSDT,2024-12-18 11:30,aero_1m,2024-12-18 12:00,2024-12-18,False,active,True,,
USUALUSDT,2024-12-18 13:00,aero_1m,2024-12-18 14:00,2024-12-18,False,active,True,,
AIXBTUSDT,2024-12-20 18:31,aero_1m,2024-12-20 19:00,2024-12-20,False,active,True,,
FARTCOINUSDT,2024-12-20 18:45,aero_1m,2024-12-20 19:00,2024-12-20,False,active,True,,"ung vien rename heuristic (gia 1:1 +-5%, khong co trong danh sach da biet): BONDUSDT->FARTCOINUSDT dt=+4.4d ratio=0.9629"
KMNOUSDT,2024-12-20 19:00,aero_1m,2024-12-20 20:00,2024-12-20,False,active,True,,
CGPTUSDT,2024-12-20 19:15,aero_1m,2024-12-20 20:00,2024-12-20,False,active,True,,
HIVEUSDT,2024-12-23 11:30,aero_1m,2024-12-23 12:00,2024-12-23,False,active,True,,
DEXEUSDT,2024-12-24 11:30,aero_1m,2024-12-24 12:00,2024-12-24,False,active,True,,
PHAUSDT,2024-12-30 11:30,aero_1m,2024-12-30 12:00,2024-12-30,False,active,True,,
DFUSDT,2024-12-30 11:45,aero_1m,2024-12-30 12:00,2024-12-30,False,active,True,,
GRIFFAINUSDT,2025-01-02 13:30,aero_1m,2025-01-02 14:00,2025-01-02,False,active,True,,
AI16ZUSDT,2025-01-02 13:45,aero_1m,2025-01-02 14:00,2025-01-02,False,delisted,True,,
ZEREBROUSDT,2025-01-02 14:00,aero_1m,2025-01-02 15:00,2025-01-02,False,active,True,,
BIOUSDT,2025-01-03 12:15,aero_1m,2025-01-03 13:00,2025-01-03,False,active,True,,
COOKIEUSDT,2025-01-07 11:30,aero_1m,2025-01-07 12:00,2025-01-07,False,active,True,,
ALCHUSDT,2025-01-07 11:45,aero_1m,2025-01-07 12:00,2025-01-07,False,active,True,,
SWARMSUSDT,2025-01-07 12:15,aero_1m,2025-01-07 13:00,2025-01-07,False,active,True,,
SONICUSDT,2025-01-08 07:01,aero_1m,2025-01-08 08:00,2025-01-08,False,active,True,,
PROMUSDT,2025-01-15 12:30,aero_1m,2025-01-15 13:00,2025-01-15,False,active,True,,
SOLVUSDT,2025-01-17 12:15,aero_1m,2025-01-17 13:00,2025-01-17,False,active,True,,
ARCUSDT,2025-01-17 13:00,aero_1m,2025-01-17 14:00,2025-01-17,False,active,True,,
AVAAIUSDT,2025-01-17 13:15,aero_1m,2025-01-17 14:00,2025-01-17,False,active,True,,
TRUMPUSDT,2025-01-18 13:00,aero_1m,2025-01-18 14:00,2025-01-18,False,active,True,,
MELANIAUSDT,2025-01-20 09:30,aero_1m,2025-01-20 10:00,2025-01-20,False,active,True,,
VTHOUSDT,2025-01-22 09:30,aero_1m,2025-01-22 10:00,2025-01-22,False,active,True,,
ANIMEUSDT,2025-01-23 17:00,aero_1m,2025-01-23 18:00,2025-01-23,False,active,True,,
VINEUSDT,2025-01-24 10:00,aero_1m,2025-01-24 11:00,2025-01-24,False,active,True,,
PIPPINUSDT,2025-01-24 10:15,aero_1m,2025-01-24 11:00,2025-01-24,False,active,True,,
VVVUSDT,2025-01-29 08:15,aero_1m,2025-01-29 09:00,2025-01-29,False,active,True,,
BERAUSDT,2025-02-06 15:00,aero_1m,2025-02-06 16:00,2025-02-06,False,active,True,,
TSTUSDT,2025-02-09 13:00,aero_1m,2025-02-09 14:00,2025-02-09,False,active,True,,
LAYERUSDT,2025-02-11 15:45,aero_1m,2025-02-11 16:00,2025-02-11,False,active,True,,
HEIUSDT,2025-02-13 09:00,aero_1m,2025-02-13 10:00,2025-02-13,False,active,True,,
B3USDT,2025-02-13 11:30,aero_1m,2025-02-13 12:00,2025-02-13,False,active,True,,
IPUSDT,2025-02-13 17:00,aero_1m,2025-02-13 18:00,2025-02-13,False,active,True,,
GPSUSDT,2025-02-17 17:00,aero_1m,2025-02-17 18:00,2025-02-17,False,active,True,,
SHELLUSDT,2025-02-17 17:15,aero_1m,2025-02-17 18:00,2025-02-17,False,active,True,,
KAITOUSDT,2025-02-20 13:00,aero_1m,2025-02-20 14:00,2025-02-20,False,active,True,,
REDUSDT,2025-03-06 16:00,aero_1m,2025-03-06 17:00,2025-03-06,False,active,True,,
VICUSDT,2025-03-12 17:00,aero_1m,2025-03-12 18:00,2025-03-12,False,active,True,,"rename da biet nhung ma moi niem yet ngoai cua so [-3d,+14d]: TOMOUSDT->VICUSDT dt=+484.4d ratio=0.32 (ratio lech) | Viction (TOMO doi ten 2023-12) — futures VIC niem yet 2025-03, cach ~16 thang -> giu listing"
EPICUSDT,2025-03-13 08:00,aero_1m,2025-03-13 09:00,2025-03-13,False,active,True,,
BMTUSDT,2025-03-17 13:30,aero_1m,2025-03-17 14:00,2025-03-17,False,active,True,,
MUBARAKUSDT,2025-03-17 13:45,aero_1m,2025-03-17 14:00,2025-03-17,False,active,True,,
TUTUSDT,2025-03-20 09:00,aero_1m,2025-03-20 10:00,2025-03-20,False,active,True,,
BIDUSDT,2025-03-20 09:30,aero_1m,2025-03-20 10:00,2025-03-20,False,active,True,,
BROCCOLI714USDT,2025-03-21 09:00,aero_1m,2025-03-21 10:00,2025-03-21,False,active,True,,
BROCCOLIF3BUSDT,2025-03-21 09:15,aero_1m,2025-03-21 10:00,2025-03-21,False,active,True,,
BRUSDT,2025-03-21 12:45,aero_1m,2025-03-21 13:00,2025-03-21,False,active,True,,
PLUMEUSDT,2025-03-21 13:00,aero_1m,2025-03-21 14:00,2025-03-21,False,active,True,,
SIRENUSDT,2025-03-22 09:00,aero_1m,2025-03-22 10:00,2025-03-22,False,active,True,,
BANANAS31USDT,2025-03-22 09:15,aero_1m,2025-03-22 10:00,2025-03-22,False,active,True,,
NILUSDT,2025-03-24 13:00,aero_1m,2025-03-24 14:00,2025-03-24,False,active,True,,
PARTIUSDT,2025-03-25 13:00,aero_1m,2025-03-25 14:00,2025-03-25,False,active,True,,
JELLYJELLYUSDT,2025-03-26 16:00,aero_1m,2025-03-26 17:00,2025-03-26,False,active,True,,
WALUSDT,2025-03-27 15:30,aero_1m,2025-03-27 16:00,2025-03-27,False,active,True,,
FUNUSDT,2025-03-31 08:30,aero_1m,2025-03-31 09:00,2025-03-31,False,active,True,,
MLNUSDT,2025-03-31 08:45,aero_1m,2025-03-31 09:00,2025-03-31,False,active,True,,
GUNUSDT,2025-03-31 13:00,aero_1m,2025-03-31 14:00,2025-03-31,False,active,True,,
ATHUSDT,2025-04-02 15:45,aero_1m,2025-04-02 16:00,2025-04-02,False,active,True,,
BABYUSDT,2025-04-05 13:30,aero_1m,2025-04-05 14:00,2025-04-05,False,active,True,,
FORTHUSDT,2025-04-08 08:30,aero_1m,2025-04-08 09:00,2025-04-08,False,active,True,,
PROMPTUSDT,2025-04-11 06:30,aero_1m,2025-04-11 07:00,2025-04-11,False,active,True,,
XCNUSDT,2025-04-11 15:30,aero_1m,2025-04-11 16:00,2025-04-11,False,delisted,True,,
STOUSDT,2025-04-12 14:45,aero_1m,2025-04-12 15:00,2025-04-12,False,active,True,,
FHEUSDT,2025-04-12 15:00,aero_1m,2025-04-12 16:00,2025-04-12,False,active,True,,
KERNELUSDT,2025-04-14 12:00,aero_1m,2025-04-14 13:00,2025-04-14,False,active,True,,
WCTUSDT,2025-04-15 11:00,aero_1m,2025-04-15 12:00,2025-04-15,False,active,True,,
INITUSDT,2025-04-16 06:30,aero_1m,2025-04-16 07:00,2025-04-16,False,active,True,,
BANKUSDT,2025-04-18 18:30,aero_1m,2025-04-18 19:00,2025-04-18,False,active,True,,
EPTUSDT,2025-04-21 13:00,aero_1m,2025-04-21 14:00,2025-04-21,False,active,True,,
DEEPUSDT,2025-04-22 08:30,aero_1m,2025-04-22 09:00,2025-04-22,False,active,True,,
HYPERUSDT,2025-04-22 13:00,aero_1m,2025-04-22 14:00,2025-04-22,False,active,True,,
MEMEFIUSDT,2025-04-25 07:15,aero_1m,2025-04-25 08:00,2025-04-25,False,delisted,True,,
FISUSDT,2025-04-25 07:30,aero_1m,2025-04-25 08:00,2025-04-25,False,delisted,True,,
JSTUSDT,2025-04-28 09:30,aero_1m,2025-04-28 10:00,2025-04-28,False,active,True,,
SIGNUSDT,2025-04-28 11:00,aero_1m,2025-04-28 12:00,2025-04-28,False,active,True,,
PUNDIXUSDT,2025-04-30 10:00,aero_1m,2025-04-30 11:00,2025-04-30,False,active,True,,
AIOTUSDT,2025-04-30 12:30,aero_1m,2025-04-30 13:00,2025-04-30,False,active,True,,
DOLOUSDT,2025-05-01 03:00,aero_1m,2025-05-01 04:00,2025-05-01,False,active,True,,
HAEDALUSDT,2025-05-01 03:15,aero_1m,2025-05-01 04:00,2025-05-01,False,active,True,,
SXTUSDT,2025-05-02 08:30,aero_1m,2025-05-02 09:00,2025-05-02,False,active,True,,
ASRUSDT,2025-05-06 09:30,aero_1m,2025-05-06 10:00,2025-05-06,False,active,True,,
ALPINEUSDT,2025-05-06 09:45,aero_1m,2025-05-06 10:00,2025-05-06,False,active,True,,"ung vien rename heuristic (gia 1:1 +-5%, khong co trong danh sach da biet): ALPACAUSDT->ALPINEUSDT dt=+6.0d ratio=0.9828"
B2USDT,2025-05-06 13:30,aero_1m,2025-05-06 14:00,2025-05-06,False,active,True,,
MILKUSDT,2025-05-06 13:45,aero_1m,2025-05-06 14:00,2025-05-06,False,delisted,True,,
SYRUPUSDT,2025-05-07 08:30,aero_1m,2025-05-07 09:00,2025-05-07,False,active,True,,
OBOLUSDT,2025-05-07 10:30,aero_1m,2025-05-07 11:00,2025-05-07,False,delisted,True,,
DOODUSDT,2025-05-09 13:30,aero_1m,2025-05-09 14:00,2025-05-09,False,active,True,,
ZKJUSDT,2025-05-13 09:30,aero_1m,2025-05-13 10:00,2025-05-13,False,active,True,,
SKYAIUSDT,2025-05-13 09:45,aero_1m,2025-05-13 10:00,2025-05-13,False,active,True,,
NXPCUSDT,2025-05-15 06:30,aero_1m,2025-05-15 07:00,2025-05-15,False,active,True,,
AGTUSDT,2025-05-20 10:30,aero_1m,2025-05-20 11:00,2025-05-20,False,active,True,,
AWEUSDT,2025-05-21 08:00,aero_1m,2025-05-21 09:00,2025-05-21,False,active,True,,
BUSDT,2025-05-22 16:30,aero_1m,2025-05-22 17:00,2025-05-22,False,active,True,,
SOONUSDT,2025-05-23 08:30,aero_1m,2025-05-23 09:00,2025-05-23,False,active,True,,
HUMAUSDT,2025-05-26 13:00,aero_1m,2025-05-26 14:00,2025-05-26,False,active,True,,
SOPHUSDT,2025-05-28 13:00,aero_1m,2025-05-28 14:00,2025-05-28,False,active,True,,
MERLUSDT,2025-05-29 08:30,aero_1m,2025-05-29 09:00,2025-05-29,False,active,True,,
HYPEUSDT,2025-05-30 10:30,aero_1m,2025-05-30 11:00,2025-05-30,False,active,True,,
BDXNUSDT,2025-06-03 10:30,aero_1m,2025-06-03 11:00,2025-06-03,False,active,True,,
PUFFERUSDT,2025-06-04 08:30,aero_1m,2025-06-04 09:00,2025-06-04,False,active,True,,
PORT3USDT,2025-06-04 08:45,aero_1m,2025-06-04 09:00,2025-06-04,False,delisted,True,,
1000000BOBUSDT,2025-06-05 08:30,aero_1m,2025-06-05 09:00,2025-06-05,False,active,True,,
LAUSDT,2025-06-05 09:00,aero_1m,2025-06-05 10:00,2025-06-05,False,active,True,,
SKATEUSDT,2025-06-09 10:30,aero_1m,2025-06-09 11:00,2025-06-09,False,delisted,True,,
HOMEUSDT,2025-06-10 11:30,aero_1m,2025-06-10 12:00,2025-06-10,False,active,True,,
RESOLVUSDT,2025-06-10 13:30,aero_1m,2025-06-10 14:00,2025-06-10,False,active,True,,
TAIKOUSDT,2025-06-11 12:30,aero_1m,2025-06-11 13:00,2025-06-11,False,active,True,,
SQDUSDT,2025-06-11 12:45,aero_1m,2025-06-11 13:00,2025-06-11,False,active,True,,
PUMPBTCUSDT,2025-06-13 10:00,aero_1m,2025-06-13 11:00,2025-06-13,False,active,True,,
SPKUSDT,2025-06-17 09:00,aero_1m,2025-06-17 10:00,2025-06-17,False,active,True,,
MYXUSDT,2025-06-18 12:30,aero_1m,2025-06-18 13:00,2025-06-18,False,active,True,,
FUSDT,2025-06-18 12:45,aero_1m,2025-06-18 13:00,2025-06-18,False,active,True,,
NEWTUSDT,2025-06-19 14:30,aero_1m,2025-06-19 15:00,2025-06-19,False,active,True,,
DMCUSDT,2025-06-24 13:00,aero_1m,2025-06-24 14:00,2025-06-24,False,active,True,,
HUSDT,2025-06-25 09:30,aero_1m,2025-06-25 10:00,2025-06-25,False,active,True,,
OLUSDT,2025-06-25 11:30,aero_1m,2025-06-25 12:00,2025-06-25,False,active,True,,
SAHARAUSDT,2025-06-26 12:00,aero_1m,2025-06-26 13:00,2025-06-26,False,active,True,,
ICNTUSDT,2025-07-03 13:00,aero_1m,2025-07-03 14:00,2025-07-03,False,active,True,,
BULLAUSDT,2025-07-04 09:00,aero_1m,2025-07-04 10:00,2025-07-04,False,active,True,,
IDOLUSDT,2025-07-04 09:15,aero_1m,2025-07-04 10:00,2025-07-04,False,active,True,,
MUSDT,2025-07-07 09:30,aero_1m,2025-07-07 10:00,2025-07-07,False,active,True,,
TANSSIUSDT,2025-07-09 11:30,aero_1m,2025-07-09 12:00,2025-07-09,False,active,True,,
CROSSUSDT,2025-07-10 10:30,aero_1m,2025-07-10 11:00,2025-07-10,False,active,True,,
AINUSDT,2025-07-10 10:45,aero_1m,2025-07-10 11:00,2025-07-10,False,active,True,,
CUSDT,2025-07-15 09:00,aero_1m,2025-07-15 10:00,2025-07-15,False,active,True,,
VELVETUSDT,2025-07-15 09:15,aero_1m,2025-07-15 10:00,2025-07-15,False,active,True,,
TACUSDT,2025-07-15 10:30,aero_1m,2025-07-15 11:00,2025-07-15,False,active,True,,
ERAUSDT,2025-07-17 15:30,aero_1m,2025-07-17 16:00,2025-07-17,False,active,True,,
TAUSDT,2025-07-21 07:30,aero_1m,2025-07-21 08:00,2025-07-21,False,active,True,,
ZORAUSDT,2025-07-25 11:00,aero_1m,2025-07-25 12:00,2025-07-25,False,active,True,,
TAGUSDT,2025-07-25 11:15,aero_1m,2025-07-25 12:00,2025-07-25,False,active,True,,
ZRCUSDT,2025-07-29 09:45,aero_1m,2025-07-29 10:00,2025-07-29,False,active,True,,
ESPORTSUSDT,2025-07-29 10:00,aero_1m,2025-07-29 11:00,2025-07-29,False,active,True,,
TREEUSDT,2025-07-29 14:00,aero_1m,2025-07-29 15:00,2025-07-29,False,active,True,,
A2ZUSDT,2025-07-30 08:00,aero_1m,2025-07-30 09:00,2025-07-30,False,active,True,,
PLAYUSDT,2025-07-31 09:30,aero_1m,2025-07-31 10:00,2025-07-31,False,active,True,,
NAORISUSDT,2025-07-31 12:30,aero_1m,2025-07-31 13:00,2025-07-31,False,active,True,,
TOWNSUSDT,2025-08-05 14:30,aero_1m,2025-08-05 15:00,2025-08-05,False,active,True,,
PROVEUSDT,2025-08-05 17:00,aero_1m,2025-08-05 18:00,2025-08-05,False,active,True,,
ALLUSDT,2025-08-06 09:30,aero_1m,2025-08-06 10:00,2025-08-06,False,active,True,,
INUSDT,2025-08-07 10:30,aero_1m,2025-08-07 11:00,2025-08-07,False,active,True,,
YALAUSDT,2025-08-07 16:30,aero_1m,2025-08-07 17:00,2025-08-07,False,active,True,,
CARVUSDT,2025-08-07 16:45,aero_1m,2025-08-07 17:00,2025-08-07,False,active,True,,
AIOUSDT,2025-08-13 11:30,aero_1m,2025-08-13 12:00,2025-08-13,False,active,True,,
XNYUSDT,2025-08-13 11:45,aero_1m,2025-08-13 12:00,2025-08-13,False,active,True,,
USELESSUSDT,2025-08-15 12:15,aero_1m,2025-08-15 13:00,2025-08-15,False,active,True,,
DAMUSDT,2025-08-18 12:30,aero_1m,2025-08-18 13:00,2025-08-18,False,active,True,,
CUDISUSDT,2025-08-20 11:15,aero_1m,2025-08-20 12:00,2025-08-20,False,active,True,,
SAPIENUSDT,2025-08-20 17:30,aero_1m,2025-08-20 18:00,2025-08-20,False,active,True,,
XPLUSDT,2025-08-22 09:30,aero_1m,2025-08-22 10:00,2025-08-22,False,active,True,,
WLFIUSDT,2025-08-23 08:30,aero_1m,2025-08-23 09:00,2025-08-23,False,active,True,,
SOMIUSDT,2025-08-25 09:30,aero_1m,2025-08-25 10:00,2025-08-25,False,active,True,,
BASUSDT,2025-08-26 13:30,aero_1m,2025-08-26 14:00,2025-08-26,False,active,True,,
BTRUSDT,2025-08-27 10:30,aero_1m,2025-08-27 11:00,2025-08-27,False,active,True,,
MITOUSDT,2025-08-28 16:30,aero_1m,2025-08-28 17:00,2025-08-28,False,active,True,,
HEMIUSDT,2025-08-29 04:30,aero_1m,2025-08-29 05:00,2025-08-29,False,active,True,,
LINEAUSDT,2025-09-01 08:30,aero_1m,2025-09-01 09:00,2025-09-01,False,active,True,,
QUSDT,2025-09-02 07:30,aero_1m,2025-09-02 08:00,2025-09-02,False,active,True,,
ARIAUSDT,2025-09-03 11:00,aero_1m,2025-09-03 12:00,2025-09-03,False,active,True,,
TAKEUSDT,2025-09-03 11:15,aero_1m,2025-09-03 12:00,2025-09-03,False,active,True,,
PTBUSDT,2025-09-03 12:30,aero_1m,2025-09-03 13:00,2025-09-03,False,active,True,,
OPENUSDT,2025-09-08 13:00,aero_1m,2025-09-08 14:00,2025-09-08,False,active,True,,
FLOCKUSDT,2025-09-09 06:48,aero_1m,2025-09-09 07:00,2025-09-09,False,active,True,,
AVNTUSDT,2025-09-09 15:00,aero_1m,2025-09-09 16:00,2025-09-09,False,active,True,,
HOLOUSDT,2025-09-11 12:00,aero_1m,2025-09-11 13:00,2025-09-11,False,active,True,,
XPINUSDT,2025-09-12 08:00,aero_1m,2025-09-12 09:00,2025-09-12,False,active,True,,
UBUSDT,2025-09-12 10:30,aero_1m,2025-09-12 11:00,2025-09-12,False,active,True,,
ZKCUSDT,2025-09-15 14:00,aero_1m,2025-09-15 15:00,2025-09-15,False,active,True,,
TOSHIUSDT,2025-09-17 05:30,aero_1m,2025-09-17 06:00,2025-09-17,False,active,True,,
STBLUSDT,2025-09-17 05:45,aero_1m,2025-09-17 06:00,2025-09-17,False,active,True,,
0GUSDT,2025-09-17 15:45,aero_1m,2025-09-17 16:00,2025-09-17,False,active,True,,
AIAUSDT,2025-09-18 08:30,aero_1m,2025-09-18 09:00,2025-09-18,False,delisted,True,,
BARDUSDT,2025-09-18 11:00,aero_1m,2025-09-18 12:00,2025-09-18,False,active,True,,
ASTERUSDT,2025-09-19 12:00,aero_1m,2025-09-19 13:00,2025-09-19,False,active,True,,
TRADOORUSDT,2025-09-19 12:30,aero_1m,2025-09-19 13:00,2025-09-19,False,active,True,,
BLESSUSDT,2025-09-23 09:30,aero_1m,2025-09-23 10:00,2025-09-23,False,active,True,,
FLUIDUSDT,2025-09-24 10:15,aero_1m,2025-09-24 11:00,2025-09-24,False,active,True,,
COAIUSDT,2025-09-25 07:30,aero_1m,2025-09-25 08:00,2025-09-25,False,active,True,,
HANAUSDT,2025-09-26 11:30,aero_1m,2025-09-26 12:00,2025-09-26,False,active,True,,"ung vien rename heuristic (gia 1:1 +-5%, khong co trong danh sach da biet): UXLINKUSDT->HANAUSDT dt=+0.1d ratio=1.022 | niem yet 2h sau khi UXLINK dung, gia ~1:1 — trung hop (UXLINK bi hack/delist), khong phai rename"
MIRAUSDT,2025-09-26 12:00,aero_1m,2025-09-26 13:00,2025-09-26,False,active,True,,
AKEUSDT,2025-09-26 12:30,aero_1m,2025-09-26 13:00,2025-09-26,False,active,True,,
ORDERUSDT,2025-09-26 12:45,aero_1m,2025-09-26 13:00,2025-09-26,False,active,True,,
LIGHTUSDT,2025-09-27 11:30,aero_1m,2025-09-27 12:00,2025-09-27,False,active,True,,
XANUSDT,2025-09-29 10:30,aero_1m,2025-09-29 11:00,2025-09-29,False,active,True,,
FFUSDT,2025-09-29 13:30,aero_1m,2025-09-29 14:00,2025-09-29,False,active,True,,
EDENUSDT,2025-09-30 11:00,aero_1m,2025-09-30 12:00,2025-09-30,False,active,True,,
VFYUSDT,2025-09-30 12:00,aero_1m,2025-09-30 13:00,2025-09-30,False,active,True,,
NOMUSDT,2025-10-01 08:00,aero_1m,2025-10-01 09:00,2025-10-01,False,active,True,,
TRUTHUSDT,2025-10-01 12:01,aero_1m,2025-10-01 13:00,2025-10-01,False,active,True,,
2ZUSDT,2025-10-02 12:33,aero_1m,2025-10-02 13:00,2025-10-02,False,active,True,,
EVAAUSDT,2025-10-03 10:32,aero_1m,2025-10-03 11:00,2025-10-03,False,active,True,,
LYNUSDT,2025-10-06 07:30,aero_1m,2025-10-06 08:00,2025-10-06,False,active,True,,
KGENUSDT,2025-10-07 14:30,aero_1m,2025-10-07 15:00,2025-10-07,False,active,True,,
4USDT,2025-10-08 11:30,aero_1m,2025-10-08 12:00,2025-10-08,False,active,True,,
GIGGLEUSDT,2025-10-09 09:45,aero_1m,2025-10-09 10:00,2025-10-09,False,active,True,,
MONUSDT,2025-10-10 07:17,aero_1m,2025-10-10 08:00,2025-10-10,False,active,True,,
YBUSDT,2025-10-10 14:45,aero_1m,2025-10-10 15:00,2025-10-10,False,active,True,,
METUSDT,2025-10-11 12:30,aero_1m,2025-10-11 13:00,2025-10-11,False,active,True,,
EULUSDT,2025-10-13 14:30,aero_1m,2025-10-13 15:00,2025-10-13,False,active,True,,
ENSOUSDT,2025-10-14 09:00,aero_1m,2025-10-14 10:00,2025-10-14,False,active,True,,
CLOUSDT,2025-10-14 11:30,aero_1m,2025-10-14 12:00,2025-10-14,False,active,True,,
RECALLUSDT,2025-10-15 12:30,aero_1m,2025-10-15 13:00,2025-10-15,False,active,True,,
ZBTUSDT,2025-10-17 11:30,aero_1m,2025-10-17 12:00,2025-10-17,False,active,True,,
LABUSDT,2025-10-17 14:30,aero_1m,2025-10-17 15:00,2025-10-17,False,active,True,,
RIVERUSDT,2025-10-17 14:45,aero_1m,2025-10-17 15:00,2025-10-17,False,active,True,,
RVVUSDT,2025-10-18 13:30,aero_1m,2025-10-18 14:00,2025-10-18,False,active,True,,
币安人生USDT,2025-10-20 11:00,aero_1m,2025-10-20 12:00,2025-10-20,False,active,True,,v1 THIEU cuoi doi: Vision co gio that toi 2026-01-01 00:00 (v1 toi 2025-12-30 00:00)
BLUAIUSDT,2025-10-21 11:30,aero_1m,2025-10-21 12:00,2025-10-21,False,active,True,,
TURTLEUSDT,2025-10-22 15:00,aero_1m,2025-10-22 16:00,2025-10-22,False,active,True,,
APRUSDT,2025-10-23 10:30,aero_1m,2025-10-23 11:00,2025-10-23,False,active,True,,
ONUSDT,2025-10-24 08:30,aero_1m,2025-10-24 09:00,2025-10-24,False,active,True,,
42USDT,2025-10-27 10:30,aero_1m,2025-10-27 11:00,2025-10-27,False,active,True,,
COMMONUSDT,2025-10-27 12:30,aero_1m,2025-10-27 13:00,2025-10-27,False,active,True,,
KITEUSDT,2025-10-29 10:30,aero_1m,2025-10-29 11:00,2025-10-29,False,active,True,,
ATUSDT,2025-10-29 11:30,aero_1m,2025-10-29 12:00,2025-10-29,False,active,True,,
CCUSDT,2025-10-31 12:00,aero_1m,2025-10-31 13:00,2025-10-31,False,active,True,,
MMTUSDT,2025-11-04 12:00,aero_1m,2025-11-04 13:00,2025-11-04,False,active,True,,
TRUSTUSDT,2025-11-05 09:30,aero_1m,2025-11-05 10:00,2025-11-05,False,active,True,,
UAIUSDT,2025-11-06 11:30,aero_1m,2025-11-06 12:00,2025-11-06,False,active,True,,
STABLEUSDT,2025-11-06 12:00,aero_1m,2025-11-06 13:00,2025-11-06,False,active,True,,
FOLKSUSDT,2025-11-06 12:30,aero_1m,2025-11-06 13:00,2025-11-06,False,active,True,,
JCTUSDT,2025-11-10 10:30,aero_1m,2025-11-10 11:00,2025-11-10,False,active,True,,
ALLOUSDT,2025-11-11 14:01,aero_1m,2025-11-11 15:00,2025-11-11,False,active,True,,
CLANKERUSDT,2025-11-12 12:00,aero_1m,2025-11-12 13:00,2025-11-12,False,active,True,,
BEATUSDT,2025-11-12 12:15,aero_1m,2025-11-12 13:00,2025-11-12,False,active,True,,
PIEVERSEUSDT,2025-11-14 11:30,aero_1m,2025-11-14 12:00,2025-11-14,False,active,True,,
SENTUSDT,2025-11-14 12:45,aero_1m,2025-11-14 13:00,2025-11-14,False,active,True,,
BOBUSDT,2025-11-21 10:45,aero_1m,2025-11-21 11:00,2025-11-21,False,active,True,,
IRYSUSDT,2025-11-26 16:00,aero_1m,2025-11-26 17:00,2025-11-26,False,active,True,,
RLSUSDT,2025-12-02 10:00,aero_1m,2025-12-02 11:00,2025-12-02,False,active,True,,
POWERUSDT,2025-12-06 09:00,aero_1m,2025-12-06 10:00,2025-12-06,False,active,True,,
WETUSDT,2025-12-10 07:00,aero_1m,2025-12-10 08:00,2025-12-10,False,active,True,,
NIGHTUSDT,2025-12-10 11:00,aero_1m,2025-12-10 12:00,2025-12-10,False,active,True,,
USUSDT,2025-12-12 10:45,aero_1m,2025-12-12 11:00,2025-12-12,False,active,True,,
CYSUSDT,2025-12-12 11:00,aero_1m,2025-12-12 12:00,2025-12-12,False,active,True,,
RAVEUSDT,2025-12-14 15:30,aero_1m,2025-12-14 16:00,2025-12-14,False,active,True,,
ZKPUSDT,2025-12-21 10:00,aero_1m,2025-12-21 11:00,2025-12-21,False,active,True,,
GUAUSDT,2025-12-21 10:15,aero_1m,2025-12-21 11:00,2025-12-21,False,active,True,,
IRUSDT,2025-12-21 10:30,aero_1m,2025-12-21 11:00,2025-12-21,False,active,True,,
ICPUSDT,2021-05-11 03:00,vision_1h(open gio),2022-09-27 03:00,2022-09-27,False,relist,False,relist,v1 THIEU dau doi: Vision co gio that tu 2021-05-11 04:00 (v1 tu 2022-09-27 03:00) -> first_ts v1 khong phai listing
BTCDOMUSDT,2021-06-21 03:00,vision_1h(open gio),2023-04-05 00:00,2023-04-04,False,index,False,index,v1 THIEU dau doi: Vision co gio that tu 2021-06-21 04:00 (v1 tu 2023-04-05 00:00) -> first_ts v1 khong phai listing | v1 THIEU cuoi doi: Vision co gio that toi 2026-01-01 00:00 (v1 toi 2024-11-22 00:00)
TLMUSDT,2021-07-16 03:00,vision_1h(open gio),2023-03-30 13:00,2023-03-30,False,relist,False,relist,v1 THIEU dau doi: Vision co gio that tu 2021-07-16 04:00 (v1 tu 2023-03-30 13:00) -> first_ts v1 khong phai listing
BNXUSDT,2022-04-01 03:00,vision_1h(open gio),2023-02-22 15:00,2023-02-22,False,renamed_to:FORMUSDT,False,renamed_to:FORMUSDT,v1 THIEU dau doi: Vision co gio that tu 2022-04-01 04:00 (v1 tu 2023-02-22 15:00) -> first_ts v1 khong phai listing | v1 THIEU cuoi doi: Vision co gio that toi 2025-03-17 10:00 (v1 toi 2024-11-22 00:00)
FOOTBALLUSDT,2022-09-01 03:00,aero_1m,2022-09-01 04:00,2022-09-01,False,index,False,index,
1000LUNCUSDT,2022-09-09 13:00,aero_1m,2022-09-09 14:00,2022-09-09,False,relist,False,relist,
BLUEBIRDUSDT,2022-11-02 12:00,aero_1m,2022-11-02 13:00,2022-11-02,False,index,False,index,
USDCUSDT,2023-03-12 17:00,vision_1h(open gio),2023-04-05 00:00,,False,stable/fiat-like,False,stable/fiat-like,v1 THIEU dau doi: Vision co gio that tu 2023-03-12 18:00 (v1 tu 2023-04-05 00:00) -> first_ts v1 khong phai listing | v1 THIEU cuoi doi: Vision co gio that toi 2026-01-01 00:00 (v1 toi 2023-04-05 00:00)
BNTUSDT,2023-08-10 12:00,aero_1m,2023-08-10 13:00,2023-08-10,False,relist,False,relist,
BSVUSDT,2023-10-20 12:30,aero_1m,2023-10-20 13:00,2023-10-20,False,relist,False,relist,
RIFUSDT,2023-10-21 12:30,aero_1m,2023-10-21 13:00,2023-10-21,False,relist,False,relist,
USTCUSDT,2023-11-27 12:30,aero_1m,2023-11-27 13:00,2023-11-27,False,relist,False,relist,
MAVIAUSDT,2024-02-21 10:00,aero_1m,2024-02-21 11:00,2024-02-21,False,relist,False,relist,
RENDERUSDT,2024-07-26 10:00,aero_1m,2024-07-26 11:00,2024-07-26,False,renamed_from:RNDRUSDT,False,renamed_from:RNDRUSDT,
GUSDT,2024-08-15 12:30,aero_1m,2024-08-15 13:00,2024-08-15,False,renamed_from:GALUSDT,False,renamed_from:GALUSDT,"rename da biet nhung ma moi niem yet ngoai cua so [-3d,+14d]: GALUSDT->GUSDT dt=+35.1d ratio=0.01586"
POLUSDT,2024-09-13 12:15,aero_1m,2024-09-13 13:00,2024-09-13,False,renamed_from:MATICUSDT,False,renamed_from:MATICUSDT,
KAIAUSDT,2024-12-04 14:00,aero_1m,2024-12-04 15:00,2024-12-04,False,renamed_from:KLAYUSDT,False,renamed_from:KLAYUSDT,"rename da biet nhung ma moi niem yet ngoai cua so [-3d,+14d]: KLAYUSDT->KAIAUSDT dt=+43.2d ratio=2.928 (ratio lech)"
RAYSOLUSDT,2024-12-10 12:00,aero_1m,2024-12-10 13:00,2024-12-10,False,relist,False,relist,
DUSDT,2025-01-09 10:00,aero_1m,2025-01-09 11:00,2025-01-09,False,renamed_from:DARUSDT,False,renamed_from:DARUSDT,"rename da biet nhung ma moi niem yet ngoai cua so [-3d,+14d]: DARUSDT->DUSDT dt=+14.0d ratio=1.258 (ratio lech)"
SUSDT,2025-01-16 10:00,aero_1m,2025-01-16 11:00,2025-01-16,False,renamed_from:FTMUSDT,False,renamed_from:FTMUSDT,
FORMUSDT,2025-03-19 08:00,aero_1m,2025-03-19 09:00,2025-03-19,False,renamed_from:BNXUSDT,False,renamed_from:BNXUSDT,
PAXGUSDT,2025-03-27 10:30,aero_1m,2025-03-27 11:00,2025-03-27,False,index,False,index,
PUMPUSDT,2025-04-12 14:00,vision_1h(open gio),2025-07-10 08:00,2025-07-10,False,active,False,listing_day v1 sai: v1 thieu dau doi (that tu 2025-04-12 14:00),v1 THIEU dau doi: Vision co gio that tu 2025-04-12 15:00 (v1 tu 2025-07-10 08:00) -> first_ts v1 khong phai listing
OGUSDT,2025-05-12 09:00,aero_1m,2025-05-12 10:00,2025-05-12,False,relist,False,relist,
AUSDT,2025-05-28 08:01,aero_1m,2025-05-28 09:00,2025-05-28,False,renamed_from:EOSUSDT,False,renamed_from:EOSUSDT,
SKYUSDT,2025-09-09 07:00,aero_1m,2025-09-09 08:00,2025-09-09,False,renamed_from:MKRUSDT,False,renamed_from:MKRUSDT,
XAUUSDT,2025-12-11 08:05,aero_1m,2025-12-11 09:00,2025-12-11,False,index,False,index,
