date_utc,C0_mtm_close,C0_mtm_min,C1_mtm_close,C1_mtm_min,C2_mtm_close,C2_mtm_min
2021-07-08,35163.3,34999.6,35231.5,34993.0,35231.5,34993.0
2021-07-09,35710.8,34727.0,35770.2,34632.5,35770.2,34632.5
2021-07-10,35605.3,35458.2,35646.2,35480.9,35646.2,35480.9
2021-07-11,35722.8,35514.0,35773.7,35535.6,35773.7,35535.6
2021-07-12,35555.0,35427.6,35583.5,35435.5,35583.5,35435.5
2021-07-13,35372.8,35302.0,35358.7,35270.5,35358.7,35270.5
2021-07-14,35390.8,35111.9,35353.9,35033.0,35353.9,35033.0
2021-07-15,35275.7,35135.3,35183.7,35037.7,35183.7,35037.7
2021-07-16,35268.1,35255.7,35178.7,35167.9,35178.7,35167.9
2021-07-17,35268.1,35268.1,35178.7,35178.7,35178.7,35178.7
2021-07-18,35268.1,35268.1,35178.7,35178.7,35178.7,35178.7
2021-07-19,35268.1,35268.1,35178.7,35178.7,35178.7,35178.7
2021-07-20,35268.1,35268.1,35178.7,35178.7,35178.7,35178.7
2021-07-21,35268.1,35268.1,35178.7,35178.7,35178.7,35178.7
2021-07-22,35268.1,35268.1,35178.7,35178.7,35178.7,35178.7
2021-07-23,35268.1,35268.1,35178.7,35178.7,35178.7,35178.7
2021-07-24,35268.1,35268.1,35178.7,35178.7,35178.7,35178.7
2021-07-25,35268.1,35268.1,35178.7,35178.7,35178.7,35178.7
2021-07-26,35099.0,34996.7,34830.6,34717.5,34830.6,34717.5
2021-07-27,35652.0,34663.7,35635.1,34207.0,35635.1,34207.0
2021-07-28,35683.4,35551.6,35692.1,35480.6,35692.1,35480.6
2021-07-29,35793.2,35635.1,35840.1,35627.2,35840.1,35627.2
2021-07-30,35818.9,35643.5,35904.8,35640.1,35904.8,35640.1
2021-07-31,35905.2,35765.0,35982.5,35827.9,35982.5,35827.9
2021-08-01,35886.6,35877.1,35964.8,35947.4,35964.8,35947.4
2021-08-02,35898.5,35877.9,35972.6,35948.4,35972.6,35948.4
2021-08-03,35898.5,35898.5,35972.6,35972.6,35972.6,35972.6
2021-08-04,35898.5,35898.5,35972.6,35972.6,35972.6,35972.6
2021-08-05,35898.5,35898.5,35972.6,35972.6,35972.6,35972.6
2021-08-06,35898.5,35898.5,35972.6,35972.6,35972.6,35972.6
2021-08-07,35898.5,35898.5,35972.6,35972.6,35972.6,35972.6
2021-08-08,35898.5,35898.5,35972.6,35972.6,35972.6,35972.6
2021-08-09,35898.5,35898.5,35972.6,35972.6,35972.6,35972.6
2021-08-10,35898.5,35898.5,35972.6,35972.6,35972.6,35972.6
2021-08-11,35898.5,35898.5,35972.6,35972.6,35972.6,35972.6
2021-08-12,36329.0,35877.7,36433.2,35881.3,36433.2,35881.3
2021-08-13,36536.4,36287.5,36822.3,36365.1,36822.3,36365.1
2021-08-14,36617.7,36517.2,36904.1,36789.7,36904.1,36789.7
2021-08-15,36617.7,36617.7,36886.2,36837.8,36886.2,36837.8
2021-08-16,36617.7,36617.7,36855.9,36841.8,36855.9,36841.8
2021-08-17,36617.7,36617.7,36810.2,36800.8,36810.2,36800.8
2021-08-18,37377.1,36481.5,37682.9,36552.2,37682.9,36552.2
2021-08-19,37377.1,37377.1,37706.4,37637.3,37706.4,37637.3
2021-08-20,37377.1,37377.1,37753.3,37698.6,37753.3,37698.6
2021-08-21,37377.1,37377.1,37730.8,37727.5,37730.8,37727.5
2021-08-22,37377.1,37377.1,37730.8,37730.8,37730.8,37730.8
2021-08-23,37377.1,37377.1,37730.8,37730.8,37730.8,37730.8
2021-08-24,37632.7,37097.4,37963.6,37422.3,37963.6,37422.3
2021-08-25,38211.9,37518.6,38679.6,37773.5,38679.6,37773.5
2021-08-26,37831.5,37732.7,38150.9,38013.1,38150.9,38013.1
2021-08-27,38903.6,37741.1,39491.7,37997.4,39491.7,37997.4
2021-08-28,38881.6,38736.6,39464.5,39302.0,39464.5,39302.0
2021-08-29,38823.4,38804.3,39386.4,39348.3,39386.4,39348.3
2021-08-30,38738.5,38721.7,39242.8,39217.7,39242.8,39217.7
2021-08-31,38724.8,38711.5,39253.6,39195.2,39253.6,39195.2
2021-09-01,38772.1,38715.2,39323.7,39236.8,39323.7,39236.8
2021-09-02,38772.1,38772.1,39321.7,39321.3,39321.7,39321.3
2021-09-03,38772.1,38772.1,39321.7,39321.7,39321.7,39321.7
2021-09-04,38772.1,38772.1,39321.7,39321.7,39321.7,39321.7
2021-09-05,38772.1,38772.1,39321.7,39321.7,39321.7,39321.7
2021-09-06,39442.8,38772.1,40125.7,39275.6,40125.7,39275.6
2021-09-07,38124.7,34986.0,37890.8,34497.2,37890.8,34497.2
2021-09-08,38898.3,36698.0,38665.2,36329.2,38665.2,36329.2
2021-09-09,39593.8,38826.7,39464.9,38585.2,39464.9,38585.2
2021-09-10,39109.0,38846.7,38883.8,38574.8,38883.8,38574.8
2021-09-11,39253.5,38949.0,39057.9,38696.6,39057.9,38696.6
2021-09-12,39718.3,39085.7,39605.3,38831.2,39605.3,38831.2
2021-09-13,39654.6,38979.3,39709.9,38749.7,39709.9,38749.7
2021-09-14,39745.4,39575.1,39821.4,39629.4,39821.4,39629.4
2021-09-15,39763.5,39731.6,39845.4,39800.3,39845.4,39800.3
2021-09-16,39733.9,39717.8,39834.9,39834.4,39834.9,39834.4
2021-09-17,39706.6,39696.5,39834.9,39834.9,39834.9,39834.9
2021-09-18,39739.9,39696.9,39834.9,39834.9,39834.9,39834.9
2021-09-19,39715.8,39706.4,39834.9,39834.9,39834.9,39834.9
2021-09-20,38784.0,38094.8,38802.9,38031.5,38802.9,38031.5
2021-09-21,37696.5,37243.2,37541.9,37012.8,37541.9,37012.8
2021-09-22,39744.9,37409.3,39922.8,37212.0,39922.8,37212.0
2021-09-23,40141.4,39388.6,40354.3,39449.1,40354.3,39449.1
2021-09-24,39689.6,38466.6,39638.5,38358.2,39638.5,38358.2
2021-09-25,39783.2,39235.6,39656.8,39069.4,39656.8,39069.4
2021-09-26,39766.1,38827.5,39567.7,38481.3,39567.7,38481.3
2021-09-27,39829.2,39630.0,39679.9,39395.8,39679.9,39395.8
2021-09-28,39828.2,39789.3,39635.1,39603.5,39635.1,39603.5
2021-09-29,39871.8,39825.5,39689.0,39629.5,39689.0,39629.5
2021-09-30,39995.6,39858.6,39842.4,39674.4,39842.4,39674.4
2021-10-01,40041.3,39981.5,39901.2,39828.2,39901.2,39828.2
2021-10-02,40041.3,40041.3,39901.2,39901.2,39901.2,39901.2
2021-10-03,40041.3,40041.3,39901.2,39901.2,39901.2,39901.2
2021-10-04,40041.3,40041.3,39901.2,39901.2,39901.2,39901.2
2021-10-05,40041.3,40041.3,39901.2,39901.2,39901.2,39901.2
2021-10-06,40041.3,40041.3,39901.2,39901.2,39901.2,39901.2
2021-10-07,40041.3,40041.3,39901.2,39901.2,39901.2,39901.2
2021-10-08,40041.3,40041.3,39901.2,39901.2,39901.2,39901.2
2021-10-09,40041.3,40041.3,39901.2,39901.2,39901.2,39901.2
2021-10-10,40041.3,40041.3,39901.2,39901.2,39901.2,39901.2
2021-10-11,40041.3,40041.3,39901.2,39901.2,39901.2,39901.2
2021-10-12,40041.3,40041.3,39901.2,39901.2,39901.2,39901.2
2021-10-13,40041.3,40041.3,39901.2,39901.2,39901.2,39901.2
2021-10-14,40041.3,40041.3,39901.2,39901.2,39901.2,39901.2
2021-10-15,40041.3,40041.3,39901.2,39901.2,39901.2,39901.2
2021-10-16,40041.3,40041.3,39901.2,39901.2,39901.2,39901.2
2021-10-17,40041.3,40041.3,39901.2,39901.2,39901.2,39901.2
2021-10-18,40041.3,40041.3,39901.2,39901.2,39901.2,39901.2
2021-10-19,40041.3,40041.3,39901.2,39901.2,39901.2,39901.2
2021-10-20,40041.3,40041.3,39901.2,39901.2,39901.2,39901.2
2021-10-21,40041.3,40041.3,39901.2,39901.2,39901.2,39901.2
2021-10-22,40041.3,40041.3,39901.2,39901.2,39901.2,39901.2
2021-10-23,40041.3,40041.3,39901.2,39901.2,39901.2,39901.2
2021-10-24,40041.3,40041.3,39901.2,39901.2,39901.2,39901.2
2021-10-25,40041.3,40041.3,39901.2,39901.2,39901.2,39901.2
2021-10-26,40041.3,40041.3,39901.2,39901.2,39901.2,39901.2
2021-10-27,40720.6,39947.3,40607.6,39735.5,40607.6,39735.5
2021-10-28,40741.3,40653.6,40706.5,40523.0,40706.5,40523.0
2021-10-29,40756.1,40721.0,40835.1,40670.8,40835.1,40670.8
2021-10-30,40693.9,40671.0,40808.2,40780.2,40808.2,40780.2
2021-10-31,40693.8,40631.1,40820.9,40763.7,40820.9,40763.7
2021-11-01,40725.7,40664.5,40852.9,40796.9,40852.9,40796.9
2021-11-02,40786.9,40695.0,40912.9,40825.4,40912.9,40825.4
2021-11-03,40784.3,40768.7,40912.6,40896.1,40912.6,40896.1
2021-11-04,40784.3,40784.3,40912.6,40912.6,40912.6,40912.6
2021-11-05,40784.3,40784.3,40912.6,40912.6,40912.6,40912.6
2021-11-06,40784.3,40784.3,40912.6,40912.6,40912.6,40912.6
2021-11-07,40784.3,40784.3,40912.6,40912.6,40912.6,40912.6
2021-11-08,40784.3,40784.3,40912.6,40912.6,40912.6,40912.6
2021-11-09,40784.3,40784.3,40912.6,40912.6,40912.6,40912.6
2021-11-10,41458.5,40239.7,41594.0,40194.8,41594.0,40194.8
2021-11-11,41634.8,41229.3,41990.4,41342.6,41990.4,41342.6
2021-11-12,41732.8,41520.6,42085.7,41875.8,42085.7,41875.8
2021-11-13,41783.3,41698.0,42135.8,42051.7,42135.8,42051.7
2021-11-14,41813.1,41700.2,42162.8,42051.6,42162.8,42051.6
2021-11-15,41742.9,41715.0,42093.8,42066.0,42093.8,42066.0
2021-11-16,41910.8,40783.0,42226.1,40930.8,42226.1,40930.8
2021-11-17,42100.3,41568.5,42397.0,41764.4,42397.0,41764.4
2021-11-18,41469.0,41270.3,41660.2,41396.7,41660.2,41396.7
2021-11-19,41814.9,41412.4,42182.8,41584.9,42182.8,41584.9
2021-11-20,41884.1,41786.3,42321.6,42108.0,42321.6,42108.0
2021-11-21,41923.5,41846.1,42435.9,42250.6,42435.9,42250.6
2021-11-22,41829.5,41807.8,42310.2,42266.5,42310.2,42266.5
2021-11-23,41828.2,41816.5,42348.8,42286.5,42348.8,42286.5
2021-11-24,41828.2,41828.2,42348.8,42348.8,42348.8,42348.8
2021-11-25,41828.2,41828.2,42348.8,42348.8,42348.8,42348.8
2021-11-26,42282.5,41746.3,42720.4,42182.3,42720.4,42182.3
2021-11-27,42630.3,42268.1,43206.2,42687.8,43206.2,42687.8
2021-11-28,42634.7,42554.5,43219.5,43013.8,43219.5,43013.8
2021-11-29,42612.0,42602.5,43225.8,43171.1,43225.8,43171.1
2021-11-30,42653.1,42592.6,43236.0,43168.0,43236.0,43168.0
2021-12-01,42689.8,42650.1,43266.2,43229.6,43266.2,43229.6
2021-12-02,42689.8,42689.8,43308.9,43225.5,43308.9,43225.5
2021-12-03,42689.8,42689.8,43298.0,43289.3,43298.0,43289.3
2021-12-04,42439.1,37857.8,42696.5,37565.2,42696.5,37565.2
2021-12-05,41591.8,41061.6,41672.8,41108.1,41672.8,41108.1
2021-12-06,41827.9,40298.9,41998.6,40232.3,41998.6,40232.3
2021-12-07,42128.3,41794.0,42307.5,41958.9,42307.5,41958.9
2021-12-08,42532.0,41684.2,42815.2,41810.8,42815.2,41810.8
2021-12-09,41762.7,41718.1,41772.3,41747.3,41772.3,41747.3
2021-12-10,41367.8,41342.4,41462.2,41422.3,41462.2,41422.3
2021-12-11,41486.5,41229.5,41618.1,41318.3,41618.1,41318.3
2021-12-12,41486.5,41486.5,41618.1,41618.1,41618.1,41618.1
2021-12-13,41486.5,41486.5,41618.1,41618.1,41618.1,41618.1
2021-12-14,41486.5,41486.5,41618.1,41618.1,41618.1,41618.1
2021-12-15,41486.5,41486.5,41618.1,41618.1,41618.1,41618.1
2021-12-16,41486.5,41486.5,41618.1,41618.1,41618.1,41618.1
2021-12-17,41486.5,41486.5,41618.1,41618.1,41618.1,41618.1
2021-12-18,41486.5,41486.5,41618.1,41618.1,41618.1,41618.1
2021-12-19,41486.5,41486.5,41618.1,41618.1,41618.1,41618.1
2021-12-20,41486.5,41486.5,41618.1,41618.1,41618.1,41618.1
2021-12-21,41486.5,41486.5,41618.1,41618.1,41618.1,41618.1
2021-12-22,41486.5,41486.5,41618.1,41618.1,41618.1,41618.1
2021-12-23,41486.5,41486.5,41618.1,41618.1,41618.1,41618.1
2021-12-24,41486.5,41486.5,41618.1,41618.1,41618.1,41618.1
2021-12-25,41486.5,41486.5,41618.1,41618.1,41618.1,41618.1
2021-12-26,41486.5,41486.5,41618.1,41618.1,41618.1,41618.1
2021-12-27,41486.5,41486.5,41618.1,41618.1,41618.1,41618.1
2021-12-28,41486.5,41486.5,41618.1,41618.1,41618.1,41618.1
2021-12-29,41486.5,41486.5,41618.1,41618.1,41618.1,41618.1
2021-12-30,41486.5,41486.5,41618.1,41618.1,41618.1,41618.1
2021-12-31,41486.5,41486.5,41618.1,41618.1,41618.1,41618.1
2022-01-01,41486.5,41486.5,41618.1,41618.1,41618.1,41618.1
2022-01-02,41486.5,41486.5,41618.1,41618.1,41618.1,41618.1
2022-01-03,41486.5,41486.5,41618.1,41618.1,41618.1,41618.1
2022-01-04,41486.5,41486.5,41618.1,41618.1,41618.1,41618.1
2022-01-05,42110.3,41278.6,42376.1,41322.8,42376.1,41322.8
2022-01-06,42108.9,41824.4,42356.4,42022.2,42356.4,42022.2
2022-01-07,41955.0,41907.3,42188.5,41958.9,42188.5,41958.9
2022-01-08,41839.3,41790.2,42004.7,41914.3,42004.7,41914.3
2022-01-09,41874.7,41820.6,42076.3,41980.1,42076.3,41980.1
2022-01-10,41773.0,41688.7,41909.7,41766.5,41909.7,41766.5
2022-01-11,41881.6,41755.2,42084.7,41878.2,42084.7,41878.2
2022-01-12,41995.7,41876.0,42276.8,42075.7,42276.8,42075.7
2022-01-13,41995.7,41995.7,42276.8,42276.8,42276.8,42276.8
2022-01-14,41995.7,41995.7,42276.8,42276.8,42276.8,42276.8
2022-01-15,41995.7,41995.7,42276.8,42276.8,42276.8,42276.8
2022-01-16,41995.7,41995.7,42276.8,42276.8,42276.8,42276.8
2022-01-17,41995.7,41995.7,42276.8,42276.8,42276.8,42276.8
2022-01-18,41995.7,41995.7,42276.8,42276.8,42276.8,42276.8
2022-01-19,41995.7,41995.7,42276.8,42276.8,42276.8,42276.8
2022-01-20,41995.7,41995.7,42276.8,42276.8,42276.8,42276.8
2022-01-21,42307.9,41821.6,42588.6,42022.9,42588.6,42022.9
2022-01-22,41404.3,40085.7,41590.3,39864.4,41590.3,39864.4
2022-01-23,42033.0,41307.7,42413.3,41447.0,42413.3,41447.0
2022-01-24,41785.5,40729.0,41985.7,40609.8,41985.7,40609.8
2022-01-25,42072.8,41569.8,42308.7,41664.3,42308.7,41664.3
2022-01-26,42254.2,42008.1,42536.1,42204.4,42536.1,42204.4
2022-01-27,42187.3,42009.2,42418.1,42138.6,42418.1,42138.6
2022-01-28,42329.4,42077.8,42673.3,42233.8,42673.3,42233.8
2022-01-29,42329.4,42329.4,42690.8,42669.4,42690.8,42669.4
2022-01-30,42329.4,42329.4,42672.9,42660.5,42672.9,42660.5
2022-01-31,42329.4,42329.4,42705.1,42640.6,42705.1,42640.6
2022-02-01,42329.4,42329.4,42699.4,42688.4,42699.4,42688.4
2022-02-02,42329.4,42329.4,42702.8,42673.9,42702.8,42673.9
2022-02-03,42329.4,42329.4,42702.8,42702.8,42702.8,42702.8
2022-02-04,42329.4,42329.4,42702.8,42702.8,42702.8,42702.8
2022-02-05,42329.4,42329.4,42702.8,42702.8,42702.8,42702.8
2022-02-06,42329.4,42329.4,42702.8,42702.8,42702.8,42702.8
2022-02-07,42329.4,42329.4,42702.8,42702.8,42702.8,42702.8
2022-02-08,42329.4,42329.4,42702.8,42702.8,42702.8,42702.8
2022-02-09,42329.4,42329.4,42702.8,42702.8,42702.8,42702.8
2022-02-10,42329.4,42329.4,42702.8,42702.8,42702.8,42702.8
2022-02-11,42329.4,42329.4,42702.8,42702.8,42702.8,42702.8
2022-02-12,42329.4,42329.4,42702.8,42702.8,42702.8,42702.8
2022-02-13,42329.4,42329.4,42702.8,42702.8,42702.8,42702.8
2022-02-14,42329.4,42329.4,42702.8,42702.8,42702.8,42702.8
2022-02-15,42329.4,42329.4,42702.8,42702.8,42702.8,42702.8
2022-02-16,42329.4,42329.4,42702.8,42702.8,42702.8,42702.8
2022-02-17,42329.4,42329.4,42702.8,42702.8,42702.8,42702.8
2022-02-18,42329.4,42329.4,42702.8,42702.8,42702.8,42702.8
2022-02-19,42329.4,42329.4,42702.8,42702.8,42702.8,42702.8
2022-02-20,42329.4,42329.4,42702.8,42702.8,42702.8,42702.8
2022-02-21,42329.4,42329.4,42702.8,42702.8,42702.8,42702.8
2022-02-22,42329.4,42329.4,42702.8,42702.8,42702.8,42702.8
2022-02-23,42329.4,42329.4,42702.8,42702.8,42702.8,42702.8
2022-02-24,43325.3,41686.0,44029.6,41849.0,44029.6,41849.0
2022-02-25,43325.3,43325.3,44029.6,44029.6,44029.6,44029.6
2022-02-26,43325.3,43325.3,44029.6,44029.6,44029.6,44029.6
2022-02-27,43325.3,43325.3,44029.6,44029.6,44029.6,44029.6
2022-02-28,43325.3,43325.3,44029.6,44029.6,44029.6,44029.6
2022-03-01,43325.3,43325.3,44029.6,44029.6,44029.6,44029.6
2022-03-02,43325.3,43325.3,44029.6,44029.6,44029.6,44029.6
2022-03-03,43325.3,43325.3,44029.6,44029.6,44029.6,44029.6
2022-03-04,43325.3,43325.3,44029.6,44029.6,44029.6,44029.6
2022-03-05,43325.3,43325.3,44029.6,44029.6,44029.6,44029.6
2022-03-06,43325.3,43325.3,44029.6,44029.6,44029.6,44029.6
2022-03-07,43325.3,43325.3,44029.6,44029.6,44029.6,44029.6
2022-03-08,43325.3,43325.3,44029.6,44029.6,44029.6,44029.6
2022-03-09,43325.3,43325.3,44029.6,44029.6,44029.6,44029.6
2022-03-10,43325.3,43325.3,44029.6,44029.6,44029.6,44029.6
2022-03-11,43325.3,43325.3,44029.6,44029.6,44029.6,44029.6
2022-03-12,43325.3,43325.3,44029.6,44029.6,44029.6,44029.6
2022-03-13,43325.3,43325.3,44029.6,44029.6,44029.6,44029.6
2022-03-14,43325.3,43325.3,44029.6,44029.6,44029.6,44029.6
2022-03-15,43325.3,43325.3,44029.6,44029.6,44029.6,44029.6
2022-03-16,43325.3,43325.3,44029.6,44029.6,44029.6,44029.6
2022-03-17,43325.3,43325.3,44029.6,44029.6,44029.6,44029.6
2022-03-18,43325.3,43325.3,44029.6,44029.6,44029.6,44029.6
2022-03-19,43325.3,43325.3,44029.6,44029.6,44029.6,44029.6
2022-03-20,43325.3,43325.3,44029.6,44029.6,44029.6,44029.6
2022-03-21,43325.3,43325.3,44029.6,44029.6,44029.6,44029.6
2022-03-22,43325.3,43325.3,44029.6,44029.6,44029.6,44029.6
2022-03-23,43325.3,43325.3,44029.6,44029.6,44029.6,44029.6
2022-03-24,43325.3,43325.3,44029.6,44029.6,44029.6,44029.6
2022-03-25,43325.3,43325.3,44029.6,44029.6,44029.6,44029.6
2022-03-26,43325.3,43325.3,44029.6,44029.6,44029.6,44029.6
2022-03-27,43325.3,43325.3,44029.6,44029.6,44029.6,44029.6
2022-03-28,43325.3,43325.3,44029.6,44029.6,44029.6,44029.6
2022-03-29,43325.3,43325.3,44029.6,44029.6,44029.6,44029.6
2022-03-30,43325.3,43325.3,44029.6,44029.6,44029.6,44029.6
2022-03-31,43325.3,43325.3,44029.6,44029.6,44029.6,44029.6
2022-04-01,43325.3,43325.3,44029.6,44029.6,44029.6,44029.6
2022-04-02,43325.3,43325.3,44029.6,44029.6,44029.6,44029.6
2022-04-03,43325.3,43325.3,44029.6,44029.6,44029.6,44029.6
2022-04-04,43325.3,43325.3,44029.6,44029.6,44029.6,44029.6
2022-04-05,43325.3,43325.3,44029.6,44029.6,44029.6,44029.6
2022-04-06,43325.3,43325.3,44029.6,44029.6,44029.6,44029.6
2022-04-07,43325.3,43325.3,44029.6,44029.6,44029.6,44029.6
2022-04-08,43325.3,43325.3,44029.6,44029.6,44029.6,44029.6
2022-04-09,43325.3,43325.3,44029.6,44029.6,44029.6,44029.6
2022-04-10,43325.3,43325.3,44029.6,44029.6,44029.6,44029.6
2022-04-11,43325.3,43325.3,44029.6,44029.6,44029.6,44029.6
2022-04-12,43325.3,43325.3,44029.6,44029.6,44029.6,44029.6
2022-04-13,43325.3,43325.3,44029.6,44029.6,44029.6,44029.6
2022-04-14,43325.3,43325.3,44029.6,44029.6,44029.6,44029.6
2022-04-15,43325.3,43325.3,44029.6,44029.6,44029.6,44029.6
2022-04-16,43325.3,43325.3,44029.6,44029.6,44029.6,44029.6
2022-04-17,43325.3,43325.3,44029.6,44029.6,44029.6,44029.6
2022-04-18,43325.3,43325.3,44029.6,44029.6,44029.6,44029.6
2022-04-19,43325.3,43325.3,44029.6,44029.6,44029.6,44029.6
2022-04-20,43325.3,43325.3,44029.6,44029.6,44029.6,44029.6
2022-04-21,43325.3,43325.3,44029.6,44029.6,44029.6,44029.6
2022-04-22,43325.3,43325.3,44029.6,44029.6,44029.6,44029.6
2022-04-23,43325.3,43325.3,44029.6,44029.6,44029.6,44029.6
2022-04-24,43325.3,43325.3,44029.6,44029.6,44029.6,44029.6
2022-04-25,43325.3,43325.3,44029.6,44029.6,44029.6,44029.6
2022-04-26,43325.3,43325.3,44029.6,44029.6,44029.6,44029.6
2022-04-27,43325.3,43325.3,44029.6,44029.6,44029.6,44029.6
2022-04-28,43325.3,43325.3,44029.6,44029.6,44029.6,44029.6
2022-04-29,43325.3,43325.3,44029.6,44029.6,44029.6,44029.6
2022-04-30,43325.3,43325.3,44089.6,44029.6,44089.6,44029.6
2022-05-01,43325.3,43325.3,44275.7,44065.0,44275.7,44065.0
2022-05-02,43325.3,43325.3,44275.7,44275.7,44275.7,44275.7
2022-05-03,43325.3,43325.3,44275.7,44275.7,44275.7,44275.7
2022-05-04,43325.3,43325.3,44275.7,44275.7,44275.7,44275.7
2022-05-05,43304.2,42905.0,44176.1,43506.4,44176.1,43506.4
2022-05-06,43300.4,42730.2,44142.5,43280.6,44142.5,43280.6
2022-05-07,42775.7,42582.0,43374.7,43016.2,43374.7,43016.2
2022-05-08,42511.8,42381.4,43074.2,42817.9,43074.2,42817.9
2022-05-09,41373.2,41321.9,40601.3,40601.3,40601.3,40601.3
2022-05-10,42421.3,41057.5,41625.6,40245.0,41625.6,40245.0
2022-05-11,39059.0,37620.1,37639.4,36457.4,37639.4,36457.4
2022-05-12,38936.2,35829.4,37339.2,34677.4,37314.7,34677.4
2022-05-13,40078.1,38760.3,38425.4,37160.8,38313.8,37146.2
2022-05-14,40659.1,39742.1,38800.7,38133.3,38816.7,37953.7
2022-05-15,41209.5,40468.0,39021.8,38596.4,39096.0,38521.9
2022-05-16,40536.4,40467.2,38562.5,38525.0,38485.4,38414.9
2022-05-17,41039.6,40530.0,38899.6,38563.9,38935.5,38485.4
2022-05-18,40882.3,40876.7,38763.6,38757.6,38695.9,38673.8
2022-05-19,41016.6,40849.8,39124.2,38686.9,39205.3,38558.1
2022-05-20,41069.2,40992.4,39179.8,39098.6,39231.1,39178.0
2022-05-21,41069.2,41069.2,39179.8,39179.8,39231.1,39231.1
2022-05-22,41069.2,41069.2,39179.8,39179.8,39231.1,39231.1
2022-05-23,41069.2,41069.2,39179.8,39179.8,39231.1,39231.1
2022-05-24,41069.2,41069.2,39179.8,39179.8,39231.1,39231.1
2022-05-25,41069.2,41069.2,39179.8,39179.8,39231.1,39231.1
2022-05-26,41069.2,41069.2,39179.8,39179.8,39231.1,39231.1
2022-05-27,41069.2,41069.2,39179.8,39179.8,39231.1,39231.1
2022-05-28,41069.2,41069.2,39179.8,39179.8,39231.1,39231.1
2022-05-29,41069.2,41069.2,39179.8,39179.8,39231.1,39231.1
2022-05-30,41069.2,41069.2,39179.8,39179.8,39231.1,39231.1
2022-05-31,41069.2,41069.2,39179.8,39179.8,39231.1,39231.1
2022-06-01,41069.2,41069.2,39179.8,39179.8,39231.1,39231.1
2022-06-02,41069.2,41069.2,39179.8,39179.8,39231.1,39231.1
2022-06-03,41069.2,41069.2,39179.8,39179.8,39231.1,39231.1
2022-06-04,41069.2,41069.2,39179.8,39179.8,39231.1,39231.1
2022-06-05,41069.2,41069.2,39179.8,39179.8,39231.1,39231.1
2022-06-06,41069.2,41069.2,39179.8,39179.8,39231.1,39231.1
2022-06-07,41069.2,41069.2,39179.8,39179.8,39231.1,39231.1
2022-06-08,41069.2,41069.2,39179.8,39179.8,39231.1,39231.1
2022-06-09,41069.2,41069.2,39179.8,39179.8,39231.1,39231.1
2022-06-10,41069.2,41069.2,39179.8,39179.8,39231.1,39231.1
2022-06-11,41069.2,41069.2,39179.8,39179.8,39231.1,39231.1
2022-06-12,41069.2,41069.2,39122.8,39120.7,39228.2,39213.6
2022-06-13,41842.2,40586.7,40121.1,38482.4,40200.3,38580.0
2022-06-14,42147.8,41128.0,40513.0,39318.2,40590.6,39394.9
2022-06-15,42902.6,41795.1,41464.5,39939.1,41534.3,40015.4
2022-06-16,42581.2,42556.2,41144.8,41118.8,41217.4,41191.3
2022-06-17,42651.8,42567.4,41222.7,41132.1,41295.5,41204.7
2022-06-18,42436.4,41908.5,40999.1,40495.0,41038.3,40370.6
2022-06-19,42922.2,42206.5,41471.3,40767.0,41665.6,40747.0
2022-06-20,42991.4,42761.2,41609.6,41316.5,41792.9,41498.7
2022-06-21,42991.4,42991.4,41609.6,41609.6,41792.9,41792.9
2022-06-22,42991.4,42991.4,41609.6,41609.6,41792.9,41792.9
2022-06-23,42991.4,42991.4,41609.6,41609.6,41792.9,41792.9
2022-06-24,42991.4,42991.4,41609.6,41609.6,41792.9,41792.9
2022-06-25,42991.4,42991.4,41609.6,41609.6,41792.9,41792.9
2022-06-26,42991.4,42991.4,41609.6,41609.6,41792.9,41792.9
2022-06-27,42991.4,42991.4,41609.6,41609.6,41792.9,41792.9
2022-06-28,42991.4,42991.4,41609.6,41609.6,41792.9,41792.9
2022-06-29,42991.4,42991.4,41609.6,41609.6,41792.9,41792.9
2022-06-30,42991.4,42991.4,41609.6,41609.6,41792.9,41792.9
2022-07-01,42991.4,42991.4,41609.6,41609.6,41792.9,41792.9
2022-07-02,42991.4,42991.4,41609.6,41609.6,41792.9,41792.9
2022-07-03,42991.4,42991.4,41609.6,41609.6,41792.9,41792.9
2022-07-04,42991.4,42991.4,41609.6,41609.6,41792.9,41792.9
2022-07-05,42991.4,42991.4,41609.6,41609.6,41792.9,41792.9
2022-07-06,42991.4,42991.4,41609.6,41609.6,41792.9,41792.9
2022-07-07,42991.4,42991.4,41609.6,41609.6,41792.9,41792.9
2022-07-08,42991.4,42991.4,41609.6,41609.6,41792.9,41792.9
2022-07-09,42991.4,42991.4,41609.6,41609.6,41792.9,41792.9
2022-07-10,42991.4,42991.4,41609.6,41609.6,41792.9,41792.9
2022-07-11,42991.4,42991.4,41609.6,41609.6,41792.9,41792.9
2022-07-12,42991.4,42991.4,41609.6,41609.6,41792.9,41792.9
2022-07-13,43870.0,42991.4,42747.0,41609.6,42935.2,41792.9
2022-07-14,43877.8,43772.7,42782.0,42641.0,42970.3,42828.7
2022-07-15,43877.8,43877.8,42778.5,42776.8,42966.8,42965.1
2022-07-16,43877.8,43877.8,42778.5,42778.5,42966.8,42966.8
2022-07-17,43877.8,43877.8,42778.5,42778.5,42966.8,42966.8
2022-07-18,43877.8,43877.8,42778.5,42778.5,42966.8,42966.8
2022-07-19,43877.8,43877.8,42778.5,42778.5,42966.8,42966.8
2022-07-20,43866.9,43821.8,42767.9,42723.9,42966.9,42904.0
2022-07-21,44103.8,43639.4,42998.8,42546.1,43335.7,42687.2
2022-07-22,44073.7,44054.8,42969.5,42951.1,43298.3,43279.9
2022-07-23,44164.3,44069.9,43057.8,42965.8,43387.1,43294.6
2022-07-24,44164.3,44164.3,43057.8,43057.8,43387.1,43387.1
2022-07-25,44164.3,44164.3,43057.8,43057.8,43387.1,43387.1
2022-07-26,44164.3,44164.3,43057.8,43057.8,43387.1,43387.1
2022-07-27,44164.3,44164.3,43057.8,43057.8,43387.1,43387.1
2022-07-28,44164.3,44164.3,43057.8,43057.8,43387.1,43387.1
2022-07-29,44164.3,44164.3,43057.8,43057.8,43387.1,43387.1
2022-07-30,44164.3,44164.3,43057.8,43057.8,43387.1,43387.1
2022-07-31,44164.3,44164.3,43057.8,43057.8,43387.1,43387.1
2022-08-01,44164.3,44164.3,43057.8,43057.8,43387.1,43387.1
2022-08-02,44164.3,44164.3,43057.8,43057.8,43387.1,43387.1
2022-08-03,44164.3,44164.3,43057.8,43057.8,43387.1,43387.1
2022-08-04,44164.3,44164.3,43057.8,43057.8,43387.1,43387.1
2022-08-05,44164.3,44164.3,43057.8,43057.8,43387.1,43387.1
2022-08-06,44164.3,44164.3,43057.8,43057.8,43387.1,43387.1
2022-08-07,44164.3,44164.3,43057.8,43057.8,43387.1,43387.1
2022-08-08,44164.3,44164.3,43057.8,43057.8,43387.1,43387.1
2022-08-09,44164.3,44164.3,43057.8,43057.8,43387.1,43387.1
2022-08-10,44164.3,44164.3,43057.8,43057.8,43387.1,43387.1
2022-08-11,44164.3,44164.3,43057.8,43057.8,43387.1,43387.1
2022-08-12,44164.3,44164.3,43057.8,43057.8,43387.1,43387.1
2022-08-13,44164.3,44164.3,43057.8,43057.8,43387.1,43387.1
2022-08-14,44164.3,44164.3,43057.8,43057.8,43387.1,43387.1
2022-08-15,44164.3,44164.3,43057.8,43057.8,43387.1,43387.1
2022-08-16,44164.3,44164.3,43057.8,43057.8,43387.1,43387.1
2022-08-17,44164.3,44164.3,43057.8,43057.8,43387.1,43387.1
2022-08-18,44153.6,44145.4,43047.4,43039.4,43376.7,43368.6
2022-08-19,44418.1,44020.9,43399.4,42918.0,43731.3,43246.4
2022-08-20,45213.8,44416.5,44249.3,43404.8,44587.8,43736.7
2022-08-21,45498.7,45201.1,44596.2,44233.1,44937.1,44571.6
2022-08-22,45495.9,45151.0,44625.9,44252.4,44967.2,44590.9
2022-08-23,45599.2,45387.4,44722.1,44541.7,45064.0,44882.4
2022-08-24,45586.3,45470.4,44714.9,44614.3,45056.8,44955.4
2022-08-25,45635.6,45584.0,44814.3,44712.4,45157.0,45054.2
2022-08-26,45577.5,45560.5,44770.6,44754.8,45112.9,45097.1
2022-08-27,45577.5,45577.5,44770.6,44770.6,45112.9,45112.9
2022-08-28,45577.5,45577.5,44770.6,44770.6,45112.9,45112.9
2022-08-29,45577.5,45577.5,44770.6,44770.6,45112.9,45112.9
2022-08-30,45577.5,45577.5,44770.6,44770.6,45112.9,45112.9
2022-08-31,45577.5,45577.5,44770.6,44770.6,45112.9,45112.9
2022-09-01,45577.5,45577.5,44770.6,44770.6,45112.9,45112.9
2022-09-02,45577.5,45577.5,44770.6,44770.6,45112.9,45112.9
2022-09-03,45577.5,45577.5,44770.6,44770.6,45112.9,45112.9
2022-09-04,45577.5,45577.5,44770.6,44770.6,45112.9,45112.9
2022-09-05,45577.5,45577.5,44770.6,44770.6,45112.9,45112.9
2022-09-06,45577.5,45577.5,44770.6,44770.6,45112.9,45112.9
2022-09-07,45577.5,45577.5,44770.6,44770.6,45112.9,45112.9
2022-09-08,45577.5,45577.5,44770.6,44770.6,45112.9,45112.9
2022-09-09,45577.5,45577.5,44770.6,44770.6,45112.9,45112.9
2022-09-10,45577.5,45577.5,44770.6,44770.6,45112.9,45112.9
2022-09-11,45577.5,45577.5,44770.6,44770.6,45112.9,45112.9
2022-09-12,45577.5,45577.5,44770.6,44770.6,45112.9,45112.9
2022-09-13,45613.6,45509.1,44806.0,44703.3,45148.6,45045.2
2022-09-14,45700.1,45612.1,44891.0,44804.6,45234.3,45147.2
2022-09-15,45700.1,45700.1,44891.0,44891.0,45234.3,45234.3
2022-09-16,45700.1,45700.1,44891.0,44891.0,45234.3,45234.3
2022-09-17,45700.1,45700.1,44891.0,44891.0,45234.3,45234.3
2022-09-18,45749.2,45659.1,44939.2,44850.7,45282.8,45193.7
2022-09-19,45899.1,45749.2,45049.0,44939.2,45393.5,45282.8
2022-09-20,45899.1,45899.1,45002.3,44973.8,45346.4,45317.6
2022-09-21,45899.1,45899.1,45054.0,44994.8,45398.5,45338.8
2022-09-22,45899.1,45899.1,45082.9,45025.9,45427.7,45370.2
2022-09-23,45899.1,45899.1,45057.1,45018.9,45401.6,45363.2
2022-09-24,45899.1,45899.1,45171.1,45044.8,45516.5,45389.2
2022-09-25,45899.1,45899.1,45171.1,45171.1,45516.5,45516.5
2022-09-26,45899.1,45899.1,45171.1,45171.1,45516.5,45516.5
2022-09-27,45899.1,45899.1,45171.1,45171.1,45516.5,45516.5
2022-09-28,45899.1,45899.1,45171.1,45171.1,45516.5,45516.5
2022-09-29,45899.1,45899.1,45171.1,45171.1,45516.5,45516.5
2022-09-30,45899.1,45899.1,45171.1,45171.1,45516.5,45516.5
2022-10-01,45899.1,45899.1,45171.1,45171.1,45516.5,45516.5
2022-10-02,45899.1,45899.1,45171.1,45171.1,45516.5,45516.5
2022-10-03,45899.1,45899.1,45171.1,45171.1,45516.5,45516.5
2022-10-04,45899.1,45899.1,45171.1,45171.1,45516.5,45516.5
2022-10-05,45899.1,45899.1,45171.1,45171.1,45516.5,45516.5
2022-10-06,45899.1,45899.1,45171.1,45171.1,45516.5,45516.5
2022-10-07,45899.1,45899.1,45171.1,45171.1,45516.5,45516.5
2022-10-08,45899.1,45899.1,45171.1,45171.1,45516.5,45516.5
2022-10-09,45899.1,45899.1,45171.1,45171.1,45516.5,45516.5
2022-10-10,45899.1,45899.1,45171.1,45171.1,45516.5,45516.5
2022-10-11,45899.1,45899.1,45171.1,45171.1,45516.5,45516.5
2022-10-12,45899.1,45899.1,45171.1,45171.1,45516.5,45516.5
2022-10-13,45986.1,45871.3,45256.7,45143.7,45602.8,45488.9
2022-10-14,45981.5,45958.7,45252.2,45229.7,45598.2,45575.6
2022-10-15,46044.1,45983.8,45313.8,45254.5,45660.2,45600.5
2022-10-16,46079.7,46027.0,45348.8,45297.0,45695.6,45643.3
2022-10-17,46079.7,46079.7,45348.8,45348.8,45695.6,45695.6
2022-10-18,46079.7,46079.7,45348.8,45348.8,45695.6,45695.6
2022-10-19,46079.7,46079.7,45348.8,45348.8,45695.6,45695.6
2022-10-20,46079.7,46079.7,45348.8,45348.8,45695.6,45695.6
2022-10-21,46079.7,46079.7,45348.8,45348.8,45695.6,45695.6
2022-10-22,46079.7,46079.7,45348.8,45348.8,45695.6,45695.6
2022-10-23,46079.7,46079.7,45348.8,45348.8,45695.6,45695.6
2022-10-24,46079.7,46079.7,45348.8,45348.8,45695.6,45695.6
2022-10-25,46079.7,46079.7,45348.8,45348.8,45695.6,45695.6
2022-10-26,46079.7,46079.7,45348.8,45348.8,45695.6,45695.6
2022-10-27,46079.7,46079.7,45348.8,45348.8,45695.6,45695.6
2022-10-28,46079.7,46079.7,45348.8,45348.8,45695.6,45695.6
2022-10-29,46079.7,46079.7,45348.8,45348.8,45695.6,45695.6
2022-10-30,46079.7,46079.7,45348.8,45348.8,45695.6,45695.6
2022-10-31,46079.7,46079.7,45348.8,45348.8,45695.6,45695.6
2022-11-01,46079.7,46079.7,45348.8,45348.8,45695.6,45695.6
2022-11-02,46079.7,46079.7,45348.8,45348.8,45695.6,45695.6
2022-11-03,46079.7,46079.7,45348.8,45348.8,45695.6,45695.6
2022-11-04,46079.7,46079.7,45348.8,45348.8,45695.6,45695.6
2022-11-05,46079.7,46079.7,45348.8,45348.8,45695.6,45695.6
2022-11-06,46079.7,46079.7,45348.8,45348.8,45695.6,45695.6
2022-11-07,46079.7,46079.7,45348.8,45348.8,45695.6,45695.6
2022-11-08,45645.7,42736.6,44195.5,41237.0,44533.1,41551.8
2022-11-09,41964.7,41260.2,40283.5,39568.6,40590.9,39870.5
2022-11-10,45947.7,41667.5,44023.7,39969.9,44359.5,40274.9
2022-11-11,45879.3,44769.2,43758.2,42549.2,44091.9,42873.7
2022-11-12,44930.5,44498.3,42684.6,42223.1,43010.2,42545.2
2022-11-13,44319.4,44186.6,42115.7,41957.0,42436.8,42276.9
2022-11-14,45595.3,43488.9,43180.2,41170.7,43509.2,41484.6
2022-11-15,45827.7,45365.6,43805.2,42968.2,44138.9,43295.5
2022-11-16,46070.2,45801.4,43920.0,43795.2,44254.5,44128.8
2022-11-17,46047.0,45981.7,43916.2,43858.3,44250.6,44192.4
2022-11-18,46095.4,46046.2,43941.9,43917.1,44276.6,44251.6
2022-11-19,46095.4,46095.4,43941.9,43941.9,44276.6,44276.6
2022-11-20,46095.4,46095.4,43941.9,43941.9,44276.6,44276.6
2022-11-21,46095.4,46095.4,43941.9,43941.9,44276.6,44276.6
2022-11-22,46095.4,46095.4,43941.9,43941.9,44276.6,44276.6
2022-11-23,46095.4,46095.4,43941.9,43941.9,44276.6,44276.6
2022-11-24,46095.4,46095.4,43941.9,43941.9,44276.6,44276.6
2022-11-25,46095.4,46095.4,43941.9,43941.9,44276.6,44276.6
2022-11-26,46095.4,46095.4,43941.9,43941.9,44276.6,44276.6
2022-11-27,46095.4,46095.4,43941.9,43941.9,44276.6,44276.6
2022-11-28,46095.4,46095.4,43941.9,43941.9,44276.6,44276.6
2022-11-29,46095.4,46095.4,43941.9,43941.9,44276.6,44276.6
2022-11-30,46095.4,46095.4,43941.9,43941.9,44276.6,44276.6
2022-12-01,46095.4,46095.4,43941.9,43941.9,44276.6,44276.6
2022-12-02,46095.4,46095.4,43941.9,43941.9,44276.6,44276.6
2022-12-03,46095.4,46095.4,43941.9,43941.9,44276.6,44276.6
2022-12-04,46095.4,46095.4,43941.9,43941.9,44276.6,44276.6
2022-12-05,46095.4,46095.4,43941.9,43941.9,44276.6,44276.6
2022-12-06,46095.4,46095.4,43941.9,43941.9,44276.6,44276.6
2022-12-07,46095.4,46095.4,43941.9,43941.9,44276.6,44276.6
2022-12-08,46095.4,46095.4,43941.9,43941.9,44276.6,44276.6
2022-12-09,46095.4,46095.4,43941.9,43941.9,44276.6,44276.6
2022-12-10,46095.4,46095.4,43941.9,43941.9,44276.6,44276.6
2022-12-11,46095.4,46095.4,43941.9,43941.9,44276.6,44276.6
2022-12-12,46095.4,46095.4,43941.9,43941.9,44276.6,44276.6
2022-12-13,46095.4,46095.4,43941.9,43941.9,44276.6,44276.6
2022-12-14,46095.4,46095.4,43941.9,43941.9,44276.6,44276.6
2022-12-15,46095.4,46095.4,43941.9,43941.9,44276.6,44276.6
2022-12-16,46095.4,46095.4,43923.3,43909.7,44257.9,44244.2
2022-12-17,46095.4,46095.4,43994.4,43911.0,44329.5,44245.4
2022-12-18,46095.4,46095.4,43994.4,43994.4,44329.5,44329.5
2022-12-19,46095.4,46095.4,43994.4,43994.4,44329.5,44329.5
2022-12-20,46095.4,46095.4,43994.4,43994.4,44329.5,44329.5
2022-12-21,46095.4,46095.4,43994.4,43994.4,44329.5,44329.5
2022-12-22,46095.4,46095.4,43994.4,43994.4,44329.5,44329.5
2022-12-23,46095.4,46095.4,43994.4,43994.4,44329.5,44329.5
2022-12-24,46095.4,46095.4,43994.4,43994.4,44329.5,44329.5
2022-12-25,46095.4,46095.4,43994.4,43994.4,44329.5,44329.5
2022-12-26,46095.4,46095.4,43994.4,43994.4,44329.5,44329.5
2022-12-27,46095.4,46095.4,43994.4,43994.4,44329.5,44329.5
2022-12-28,46095.4,46095.4,43994.4,43994.4,44329.5,44329.5
2022-12-29,46095.4,46095.4,43994.4,43994.4,44329.5,44329.5
2022-12-30,46095.4,46095.4,43994.4,43994.4,44329.5,44329.5
2022-12-31,46095.4,46095.4,43994.4,43994.4,44329.5,44329.5
2023-01-01,46095.4,46095.4,43994.4,43994.4,44329.5,44329.5
2023-01-02,46095.4,46095.4,43994.4,43994.4,44329.5,44329.5
2023-01-03,46095.4,46095.4,43994.4,43994.4,44329.5,44329.5
2023-01-04,46095.4,46095.4,43994.4,43994.4,44329.5,44329.5
2023-01-05,46095.4,46095.4,43994.4,43994.4,44329.5,44329.5
2023-01-06,46095.4,46095.4,43994.4,43994.4,44329.5,44329.5
2023-01-07,46095.4,46095.4,43994.4,43994.4,44329.5,44329.5
2023-01-08,46095.4,46095.4,43994.4,43994.4,44329.5,44329.5
2023-01-09,46095.4,46095.4,43994.4,43994.4,44329.5,44329.5
2023-01-10,46095.4,46095.4,43994.4,43994.4,44329.5,44329.5
2023-01-11,46095.4,46095.4,43994.4,43994.4,44329.5,44329.5
2023-01-12,46095.4,46095.4,43994.4,43994.4,44329.5,44329.5
2023-01-13,46095.4,46095.4,43994.4,43994.4,44329.5,44329.5
2023-01-14,46732.6,45895.2,44818.8,43725.8,45160.3,44058.8
2023-01-15,46935.5,46534.6,45012.4,44595.8,45355.4,44935.9
2023-01-16,46820.5,46704.8,45060.6,44949.6,45404.0,45292.4
2023-01-17,47016.8,46778.7,45248.0,45020.4,45592.6,45363.6
2023-01-18,46666.1,46512.7,44953.6,44657.9,45295.9,44997.9
2023-01-19,47008.8,46622.5,45244.1,44815.0,45588.6,45156.2
2023-01-20,47746.7,46854.2,46253.1,45040.7,46605.3,45383.7
2023-01-21,47653.6,47641.9,46220.4,46181.9,46572.4,46533.6
2023-01-22,47676.0,47611.9,46242.0,46180.3,46594.2,46532.0
2023-01-23,47746.0,47677.2,46309.4,46243.2,46662.1,46595.3
2023-01-24,47701.7,47681.2,46266.8,46247.2,46619.2,46599.4
2023-01-25,47682.5,47682.5,46249.5,46249.3,46601.7,46601.5
2023-01-26,47682.5,47682.5,46249.5,46249.5,46601.7,46601.7
2023-01-27,47682.5,47682.5,46249.5,46249.5,46601.7,46601.7
2023-01-28,47682.5,47682.5,46249.5,46249.5,46601.7,46601.7
2023-01-29,47682.5,47682.5,46249.5,46249.5,46601.7,46601.7
2023-01-30,47682.5,47682.5,46294.7,46246.6,46647.3,46598.8
2023-01-31,47682.5,47682.5,46294.9,46287.2,46647.5,46639.7
2023-02-01,47682.5,47682.5,46294.9,46294.9,46647.5,46647.5
2023-02-02,47682.5,47682.5,46294.9,46294.9,46647.5,46647.5
2023-02-03,47682.5,47682.5,46294.9,46294.9,46647.5,46647.5
2023-02-04,47682.5,47682.5,46294.9,46294.9,46647.5,46647.5
2023-02-05,47682.5,47682.5,46294.9,46294.9,46647.5,46647.5
2023-02-06,47682.5,47682.5,46294.9,46294.9,46647.5,46647.5
2023-02-07,47682.5,47682.5,46294.9,46294.9,46647.5,46647.5
2023-02-08,47682.5,47682.5,46294.9,46294.9,46647.5,46647.5
2023-02-09,47718.5,47266.6,46348.1,45842.7,46701.2,46192.0
2023-02-10,47879.7,47461.7,46517.4,46075.9,46871.8,46426.9
2023-02-11,48333.6,47805.4,47023.1,46402.0,47381.3,46755.6
2023-02-12,48486.0,48296.7,47030.9,46909.2,47389.3,47266.7
2023-02-13,48124.8,47855.8,46670.1,46299.3,47025.8,46652.2
2023-02-14,48643.4,48060.0,47293.1,46585.1,47653.4,46940.1
2023-02-15,49259.3,48537.9,48002.4,47166.4,48368.0,47525.8
2023-02-16,49246.9,49209.8,48004.1,47932.9,48369.7,48298.0
2023-02-17,49246.9,49246.9,48004.1,48004.1,48369.7,48369.7
2023-02-18,49246.9,49246.9,48004.1,48004.1,48369.7,48369.7
2023-02-19,49246.9,49246.9,48004.1,48004.1,48369.7,48369.7
2023-02-20,49246.9,49246.9,48004.1,48004.1,48369.7,48369.7
2023-02-21,49246.9,49246.9,48004.1,48004.1,48369.7,48369.7
2023-02-22,49246.9,49246.9,48004.1,48004.1,48369.7,48369.7
2023-02-23,49246.9,49246.9,48004.1,48004.1,48369.7,48369.7
2023-02-24,49246.9,49246.9,48004.1,48004.1,48369.7,48369.7
2023-02-25,49246.9,49246.9,48004.1,48004.1,48369.7,48369.7
2023-02-26,49246.9,49246.9,48004.1,48004.1,48369.7,48369.7
2023-02-27,49246.9,49246.9,48004.1,48004.1,48369.7,48369.7
2023-02-28,49246.9,49246.9,48004.1,48004.1,48369.7,48369.7
2023-03-01,49246.9,49246.9,48004.1,48004.1,48369.7,48369.7
2023-03-02,49246.9,49246.9,48004.1,48004.1,48369.7,48369.7
2023-03-03,49720.1,48996.1,48597.8,47681.7,48968.1,48044.9
2023-03-04,49384.6,49211.9,48180.4,47936.9,48547.5,48302.2
2023-03-05,49485.2,49286.7,48265.8,48067.5,48633.6,48433.7
2023-03-06,49474.8,49320.0,48267.3,48042.1,48635.1,48408.2
2023-03-07,49231.4,49100.6,47949.7,47760.3,48315.1,48124.3
2023-03-08,48879.6,48806.7,47467.4,47363.7,47829.2,47724.7
2023-03-09,48750.8,48444.6,47290.5,46895.9,47651.0,47253.4
2023-03-10,48726.2,47941.7,47223.8,46327.5,47583.9,46680.6
2023-03-11,48668.1,48381.4,47092.3,46717.5,47451.3,47073.7
2023-03-12,49150.3,48478.6,47722.6,46840.9,48086.4,47198.0
2023-03-13,49210.1,49111.3,47790.1,47685.1,48154.5,48048.7
2023-03-14,49210.5,49195.8,47790.5,47777.8,48154.8,48142.1
2023-03-15,49184.6,49178.9,47768.1,47763.2,48132.3,48127.3
2023-03-16,49189.1,49179.7,47772.0,47763.8,48136.2,48128.0
2023-03-17,49189.1,49189.1,47772.0,47772.0,48136.2,48136.2
2023-03-18,49189.1,49189.1,47772.0,47772.0,48136.2,48136.2
2023-03-19,49189.1,49189.1,47772.0,47772.0,48136.2,48136.2
2023-03-20,49189.1,49189.1,47772.0,47772.0,48136.2,48136.2
2023-03-21,49189.1,49189.1,47772.0,47772.0,48136.2,48136.2
2023-03-22,49573.4,49130.9,48260.9,47693.9,48628.8,48057.5
2023-03-23,49952.2,49493.0,48791.4,48175.7,49163.4,48542.9
2023-03-24,49837.8,49808.5,48629.5,48592.8,49000.1,48963.2
2023-03-25,49756.2,49729.3,48551.9,48521.5,48922.0,48891.3
2023-03-26,49803.3,49731.3,48613.7,48524.7,48984.3,48894.5
2023-03-27,49685.9,49652.5,48495.7,48434.4,48865.2,48803.5
2023-03-28,49804.0,49660.0,48661.3,48428.7,49032.1,48797.8
2023-03-29,49963.8,49768.7,48828.2,48624.7,49200.2,48995.2
2023-03-30,49963.8,49963.8,48828.2,48828.2,49200.2,49200.2
2023-03-31,49963.8,49963.8,48828.2,48828.2,49200.2,49200.2
2023-04-01,49963.8,49963.8,48828.2,48828.2,49200.2,49200.2
2023-04-02,49963.8,49963.8,48828.2,48828.2,49200.2,49200.2
2023-04-03,49963.8,49963.8,48828.2,48828.2,49200.2,49200.2
2023-04-04,55074.4,49963.8,54471.9,48828.2,54887.0,49200.2
2023-04-05,53172.5,52974.3,52693.1,52384.1,53094.7,52783.3
2023-04-06,55188.5,55125.0,54663.3,54601.2,55080.0,55017.4
2023-04-07,55129.5,55103.6,54605.6,54580.3,55021.8,54996.3
2023-04-08,55066.2,55043.1,54543.7,54521.1,54959.5,54936.7
2023-04-09,55083.0,55010.0,54560.2,54488.8,54976.1,54904.1
2023-04-10,55154.5,55041.9,54630.0,54520.0,55046.4,54935.5
2023-04-11,55093.2,55091.2,54570.1,54568.1,54986.1,54984.1
2023-04-12,55093.2,55093.2,54570.1,54570.1,54986.1,54986.1
2023-04-13,55093.2,55093.2,54570.1,54570.1,54986.1,54986.1
2023-04-14,55093.2,55093.2,54570.1,54570.1,54986.1,54986.1
2023-04-15,55093.2,55093.2,54570.1,54570.1,54986.1,54986.1
2023-04-16,55093.2,55093.2,54570.1,54570.1,54986.1,54986.1
2023-04-17,55093.2,55093.2,54570.1,54570.1,54986.1,54986.1
2023-04-18,55093.2,55093.2,54570.1,54570.1,54986.1,54986.1
2023-04-19,55276.6,54780.5,54839.3,54227.4,55257.3,54640.4
2023-04-20,55060.2,55005.1,54528.6,54459.4,54943.8,54873.9
2023-04-21,54878.8,54724.1,54185.3,54009.4,54596.6,54419.4
2023-04-22,55242.7,54816.4,54608.1,54107.6,55022.9,54518.4
2023-04-23,54897.3,54724.5,54237.4,54016.8,54649.1,54426.6
2023-04-24,54904.1,54666.9,54222.3,53953.2,54634.0,54362.5
2023-04-25,54951.8,54553.8,54357.3,53809.3,54770.6,54217.8
2023-04-26,55108.8,54277.1,54644.1,53503.7,55059.4,53910.4
2023-04-27,55688.1,55034.6,55348.0,54541.1,55768.1,54955.6
2023-04-28,55458.2,55377.3,55058.3,54957.2,55476.2,55374.4
2023-04-29,55483.4,55390.5,55115.6,54998.0,55533.9,55415.5
2023-04-30,55382.1,55321.3,54961.7,54891.6,55378.9,55308.3
2023-05-01,55172.8,55078.0,54684.8,54548.2,55099.9,54962.3
2023-05-02,55195.1,55089.8,54763.7,54588.7,55179.4,55003.1
2023-05-03,55085.7,54961.6,54591.5,54432.7,55005.9,54845.9
2023-05-04,55085.7,55085.7,54591.5,54591.5,55005.9,55005.9
2023-05-05,55085.7,55085.7,54591.5,54591.5,55005.9,55005.9
2023-05-06,55085.7,55085.7,54591.5,54591.5,55005.9,55005.9
2023-05-07,55085.7,55085.7,54591.5,54591.5,55005.9,55005.9
2023-05-08,54728.8,54478.8,54237.8,53990.1,54649.5,54399.9
2023-05-09,54806.0,54633.9,54314.3,54143.7,54726.6,54554.7
2023-05-10,54983.4,54619.4,54490.1,54129.3,54903.7,54540.2
2023-05-11,54574.8,54419.3,54085.1,53931.0,54496.0,54340.7
2023-05-12,54827.7,54295.0,54335.8,53807.7,54748.5,54216.6
2023-05-13,54853.0,54668.6,54360.8,54178.0,54773.7,54589.6
2023-05-14,54866.8,54796.6,54374.5,54304.9,54787.5,54717.4
2023-05-15,54775.5,54724.6,54284.0,54233.6,54696.3,54645.6
2023-05-16,54724.7,54706.8,54233.6,54215.9,54645.7,54627.8
2023-05-17,54702.1,54674.4,54211.2,54183.8,54623.1,54595.5
2023-05-18,54702.1,54702.1,54211.2,54211.2,54623.1,54623.1
2023-05-19,54702.1,54702.1,54211.2,54211.2,54623.1,54623.1
2023-05-20,54702.1,54702.1,54211.2,54211.2,54623.1,54623.1
2023-05-21,54702.1,54702.1,54211.2,54211.2,54623.1,54623.1
2023-05-22,54702.1,54702.1,54211.2,54211.2,54623.1,54623.1
2023-05-23,54702.1,54702.1,54211.2,54211.2,54623.1,54623.1
2023-05-24,54702.1,54702.1,54211.2,54211.2,54623.1,54623.1
2023-05-25,54702.1,54702.1,54211.2,54211.2,54623.1,54623.1
2023-05-26,54702.1,54702.1,54211.2,54211.2,54623.1,54623.1
2023-05-27,54702.1,54702.1,54211.2,54211.2,54623.1,54623.1
2023-05-28,54702.1,54702.1,54211.2,54211.2,54623.1,54623.1
2023-05-29,54702.1,54702.1,54211.2,54211.2,54623.1,54623.1
2023-05-30,54702.1,54702.1,54211.2,54211.2,54623.1,54623.1
2023-05-31,54702.1,54702.1,54211.2,54211.2,54623.1,54623.1
2023-06-01,54702.1,54702.1,54211.2,54211.2,54623.1,54623.1
2023-06-02,54702.1,54702.1,54211.2,54211.2,54623.1,54623.1
2023-06-03,54702.1,54702.1,54211.2,54211.2,54623.1,54623.1
2023-06-04,54702.1,54702.1,54211.2,54211.2,54623.1,54623.1
2023-06-05,55041.4,54240.5,54674.3,53662.9,55089.7,54070.6
2023-06-06,55463.7,54858.1,55289.6,54499.8,55709.7,54913.9
2023-06-07,55109.1,55050.2,54834.0,54758.0,55250.6,55174.0
2023-06-08,55098.6,55004.3,54816.7,54702.6,55233.2,55118.3
2023-06-09,55114.9,55037.7,54805.3,54732.6,55221.7,55148.4
2023-06-10,55117.2,53379.7,54879.8,52657.5,55296.9,53057.7
2023-06-11,55457.3,54991.2,55202.1,54731.7,55621.6,55147.7
2023-06-12,55798.5,55232.7,55512.3,54932.4,55934.2,55349.9
2023-06-13,55907.8,55734.7,55630.8,55446.6,56053.5,55868.0
2023-06-14,55693.2,55631.6,55408.0,55345.3,55829.1,55765.9
2023-06-15,55716.7,55587.7,55445.2,55307.9,55866.6,55728.2
2023-06-16,55802.6,55673.2,55532.2,55397.4,55954.2,55818.4
2023-06-17,55812.9,55769.0,55548.3,55500.0,55970.5,55921.8
2023-06-18,55812.9,55812.9,55548.3,55548.3,55970.5,55970.5
2023-06-19,55812.9,55812.9,55548.3,55548.3,55970.5,55970.5
2023-06-20,55812.9,55812.9,55548.3,55548.3,55970.5,55970.5
2023-06-21,55812.9,55812.9,55548.3,55548.3,55970.5,55970.5
2023-06-22,55812.9,55812.9,55548.3,55548.3,55970.5,55970.5
2023-06-23,55812.9,55812.9,55548.3,55548.3,55970.5,55970.5
2023-06-24,55812.9,55812.9,55548.3,55548.3,55970.5,55970.5
2023-06-25,55812.9,55812.9,55548.3,55548.3,55970.5,55970.5
2023-06-26,55812.9,55812.9,55548.3,55548.3,55970.5,55970.5
2023-06-27,55812.9,55812.9,55548.3,55548.3,55970.5,55970.5
2023-06-28,56097.8,55812.9,55917.2,55548.3,56342.2,55970.5
2023-06-29,56663.4,56070.7,56555.4,55879.5,56985.2,56304.1
2023-06-30,58418.5,56646.0,58732.3,56501.4,59178.8,56930.8
2023-07-01,58406.3,58374.6,58751.4,58675.5,59198.0,59121.6
2023-07-02,58390.2,58344.8,58742.0,58645.5,59188.6,59091.3
2023-07-03,58435.6,58396.0,58789.6,58747.0,59236.6,59193.6
2023-07-04,58421.9,58421.5,58757.4,58753.1,59204.1,59199.8
2023-07-05,58423.8,58402.8,58745.7,58716.3,59192.3,59162.7
2023-07-06,58423.8,58423.8,58745.7,58745.7,59192.3,59192.3
2023-07-07,58423.8,58423.8,58745.7,58745.7,59192.3,59192.3
2023-07-08,58423.8,58423.8,58745.7,58745.7,59192.3,59192.3
2023-07-09,58423.8,58423.8,58745.7,58745.7,59192.3,59192.3
2023-07-10,58423.8,58423.8,58745.7,58745.7,59192.3,59192.3
2023-07-11,58423.8,58423.8,58745.7,58745.7,59192.3,59192.3
2023-07-12,58423.8,58423.8,58745.7,58745.7,59192.3,59192.3
2023-07-13,58423.8,58423.8,58745.7,58745.7,59192.3,59192.3
2023-07-14,59088.3,58357.8,59401.4,58667.6,59852.9,59113.6
2023-07-15,59050.7,58862.4,59359.8,59174.3,59810.9,59624.1
2023-07-16,58774.3,58734.7,59081.8,59042.1,59530.9,59490.8
2023-07-17,58873.1,58622.9,59181.3,58929.6,59631.0,59377.5
2023-07-18,58672.7,58577.1,58979.8,58883.6,59428.0,59331.1
2023-07-19,58775.8,58637.1,59083.4,58943.9,59532.5,59391.9
2023-07-20,58919.5,58745.5,59227.9,59052.9,59678.0,59501.7
2023-07-21,58907.8,58878.2,59216.1,59186.4,59666.2,59636.2
2023-07-22,58907.8,58907.8,59216.1,59216.1,59666.2,59666.2
2023-07-23,58907.8,58907.8,59216.1,59216.1,59666.2,59666.2
2023-07-24,58753.7,58414.7,59129.1,58721.1,59578.4,59167.3
2023-07-25,58756.1,58548.3,59034.8,58891.2,59483.5,59338.7
2023-07-26,59118.0,58667.0,59473.2,58907.1,59925.1,59354.7
2023-07-27,59288.2,59030.0,59717.6,59355.3,60171.4,59806.4
2023-07-28,59585.0,59250.6,60071.6,59683.7,60528.1,60137.2
2023-07-29,59661.7,59569.7,60162.9,60048.8,60620.1,60505.0
2023-07-30,59621.7,59493.3,60070.5,59872.0,60527.0,60326.9
2023-07-31,59612.3,59602.0,60137.6,60039.7,60594.5,60495.9
2023-08-01,59612.3,59612.3,60137.5,60137.5,60594.5,60594.5
2023-08-02,59612.3,59612.3,60137.5,60137.5,60594.5,60594.5
2023-08-03,59612.3,59612.3,60137.5,60137.5,60594.5,60594.5
2023-08-04,59612.3,59612.3,60137.5,60137.5,60594.5,60594.5
2023-08-05,59612.3,59612.3,60137.5,60137.5,60594.5,60594.5
2023-08-06,59612.3,59612.3,60137.5,60137.5,60594.5,60594.5
2023-08-07,60082.5,59543.2,60647.2,60076.3,61108.0,60532.8
2023-08-08,59863.1,59835.6,60441.1,60413.3,60900.4,60872.4
2023-08-09,60074.1,59964.2,60653.9,60543.1,61114.8,61003.2
2023-08-10,60120.1,60073.8,60700.4,60653.7,61161.6,61114.6
2023-08-11,60304.5,60118.8,60886.3,60699.0,61349.0,61160.2
2023-08-12,60304.5,60304.5,60886.3,60886.3,61349.0,61349.0
2023-08-13,60304.5,60304.5,60886.3,60886.3,61349.0,61349.0
2023-08-14,60304.5,60304.5,60886.3,60886.3,61349.0,61349.0
2023-08-15,60433.0,60244.7,61016.1,60826.0,61479.8,61288.2
2023-08-16,60530.8,60391.4,61114.8,60974.1,61579.2,61437.4
2023-08-17,60945.5,58910.6,61590.3,59011.3,62058.4,59459.8
2023-08-18,61705.7,60782.2,62511.3,61470.8,62986.4,61937.9
2023-08-19,61934.7,61637.7,62846.3,62467.1,63323.8,62941.8
2023-08-20,61768.3,61757.5,62679.6,62645.4,63155.9,63121.5
2023-08-21,61719.2,61657.8,62605.7,62527.8,63081.4,63003.0
2023-08-22,61690.1,61546.1,62577.2,62381.6,63052.7,62855.6
2023-08-23,61733.5,61613.7,62629.6,62495.2,63105.5,62970.1
2023-08-24,61807.2,61723.9,62682.3,62611.2,63158.7,63087.0
2023-08-25,61807.2,61807.2,62682.3,62682.3,63158.7,63158.7
2023-08-26,61807.2,61807.2,62682.3,62682.3,63158.7,63158.7
2023-08-27,61807.2,61807.2,62682.3,62682.3,63158.7,63158.7
2023-08-28,61807.2,61807.2,62682.3,62682.3,63158.7,63158.7
2023-08-29,61807.2,61807.2,62682.3,62682.3,63158.7,63158.7
2023-08-30,61807.2,61807.2,62682.3,62682.3,63158.7,63158.7
2023-08-31,62173.2,61807.2,63179.6,62682.3,63659.6,63158.7
2023-09-01,62743.1,62062.2,63859.8,63089.3,64345.0,63568.7
2023-09-02,62693.7,62638.7,63845.8,63736.3,64331.0,64220.6
2023-09-03,62675.5,62644.8,63881.1,63805.4,64366.5,64290.2
2023-09-04,62741.7,62661.5,63898.9,63856.2,64384.5,64341.4
2023-09-05,62800.3,62742.4,63975.3,63884.6,64461.4,64370.1
2023-09-06,62783.6,62717.1,64047.6,63910.4,64534.3,64396.0
2023-09-07,62784.6,62760.9,64044.6,64016.5,64531.2,64502.9
2023-09-08,62784.6,62784.6,64044.6,64044.6,64531.2,64531.2
2023-09-09,62784.6,62784.6,64044.6,64044.6,64531.2,64531.2
2023-09-10,62707.5,62653.7,63965.9,63911.1,64452.0,64396.7
2023-09-11,62628.8,62519.3,63885.7,63774.0,64371.1,64258.5
2023-09-12,62558.2,62542.1,63813.7,63797.2,64298.6,64282.0
2023-09-13,62629.1,62545.6,63886.0,63800.8,64371.4,64285.6
2023-09-14,62681.7,62583.5,63939.6,63839.4,64425.5,64324.5
2023-09-15,62764.8,62656.4,64024.4,63913.8,64510.9,64399.4
2023-09-16,62778.7,62695.3,64038.6,63953.5,64525.2,64439.5
2023-09-17,62722.8,62687.1,63981.5,63945.1,64467.7,64431.0
2023-09-18,62722.8,62722.8,63981.5,63981.5,64467.7,64467.7
2023-09-19,62722.8,62722.8,63981.5,63981.5,64467.7,64467.7
2023-09-20,62722.8,62722.8,63981.5,63981.5,64467.7,64467.7
2023-09-21,62722.8,62722.8,63981.5,63981.5,64467.7,64467.7
2023-09-22,62722.8,62722.8,63981.5,63981.5,64467.7,64467.7
2023-09-23,62722.8,62722.8,63981.5,63981.5,64467.7,64467.7
2023-09-24,62722.8,62722.8,63981.5,63981.5,64467.7,64467.7
2023-09-25,62722.8,62722.8,63981.5,63981.5,64467.7,64467.7
2023-09-26,62722.8,62722.8,63981.5,63981.5,64467.7,64467.7
2023-09-27,62722.8,62722.8,63981.5,63981.5,64467.7,64467.7
2023-09-28,62722.8,62722.8,63981.5,63981.5,64467.7,64467.7
2023-09-29,62722.8,62722.8,63981.5,63981.5,64467.7,64467.7
2023-09-30,62722.8,62722.8,63981.5,63981.5,64467.7,64467.7
2023-10-01,62722.8,62722.8,63981.5,63981.5,64467.7,64467.7
2023-10-02,62845.5,62722.8,64106.7,63981.5,64594.1,64467.7
2023-10-03,62789.6,62778.8,64049.7,64038.7,64536.7,64525.6
2023-10-04,62903.5,62700.6,64165.9,63959.0,64653.7,64445.2
2023-10-05,62903.5,62903.5,64165.9,64165.9,64653.7,64653.7
2023-10-06,62903.5,62903.5,64165.9,64165.9,64653.7,64653.7
2023-10-07,62903.5,62903.5,64165.9,64165.9,64653.7,64653.7
2023-10-08,62903.5,62903.5,64165.9,64165.9,64653.7,64653.7
2023-10-09,62796.6,62705.8,64056.9,63964.2,64543.8,64450.4
2023-10-10,62720.3,62697.9,63979.0,63956.1,64465.4,64442.3
2023-10-11,62816.1,62682.9,64076.7,63940.8,64563.8,64426.9
2023-10-12,62735.1,62721.5,63994.1,63980.2,64480.6,64466.6
2023-10-13,62734.1,62673.5,63993.1,63931.3,64479.5,64417.3
2023-10-14,62711.2,62704.5,63969.7,63962.9,64456.0,64449.2
2023-10-15,62856.4,62710.9,64117.9,63969.4,64605.3,64455.8
2023-10-16,62710.4,62447.4,63861.7,63512.4,64347.1,63995.1
2023-10-17,62002.0,61746.5,63095.2,62812.6,63574.6,63289.9
2023-10-18,61745.5,61547.0,62629.0,62469.9,63105.0,62944.7
2023-10-19,61493.5,61339.9,62353.8,62178.4,62827.7,62651.0
2023-10-20,61954.9,61405.5,62938.8,62244.4,63417.5,62717.5
2023-10-21,62176.8,61957.9,63164.4,62945.2,63644.9,63424.0
2023-10-22,62320.1,62121.1,63388.2,63076.8,63870.4,63556.6
2023-10-23,62297.2,61778.2,63414.3,62738.4,63896.6,63215.6
2023-10-24,62243.3,60966.5,63422.3,62060.5,63904.7,62532.6
2023-10-25,63203.6,61873.2,64425.1,63071.0,64915.0,63550.8
2023-10-26,63147.2,62610.2,64404.7,63845.1,64894.6,64330.8
2023-10-27,62864.9,62680.9,64133.7,63936.1,64621.5,64422.4
2023-10-28,63219.1,62873.2,64495.4,64140.6,64986.0,64628.5
2023-10-29,63611.7,63051.1,64877.5,64327.6,65371.0,64817.0
2023-10-30,63836.0,63562.8,65125.6,64817.6,65621.0,65310.6
2023-10-31,63773.1,63745.9,65082.2,65037.7,65577.3,65532.4
2023-11-01,63773.1,63773.1,65082.3,65082.3,65577.3,65577.3
2023-11-02,63773.1,63773.1,65082.3,65082.3,65577.3,65577.3
2023-11-03,63773.1,63773.1,65082.3,65082.3,65577.3,65577.3
2023-11-04,63773.1,63773.1,65082.3,65082.3,65577.3,65577.3
2023-11-05,63773.1,63773.1,65082.3,65082.3,65577.3,65577.3
2023-11-06,63773.1,63773.1,65082.3,65082.3,65577.3,65577.3
2023-11-07,63773.1,63773.1,65082.3,65082.3,65577.3,65577.3
2023-11-08,63773.1,63773.1,65082.3,65082.3,65577.3,65577.3
2023-11-09,65270.1,63104.6,66625.0,64112.4,67132.9,64600.0
2023-11-10,65456.5,65134.9,66865.6,66315.3,67375.9,66821.2
2023-11-11,65450.9,65406.1,66854.9,66760.1,67365.3,67269.9
2023-11-12,65435.9,65402.4,66938.0,66717.0,67449.2,67226.6
2023-11-13,65408.9,65379.2,66882.8,66847.7,67393.9,67358.5
2023-11-14,66641.7,65333.7,68368.0,66770.4,68890.4,67280.8
2023-11-15,66948.9,66526.4,68857.3,68255.0,69382.8,68776.4
2023-11-16,66988.3,66939.4,68835.3,68789.7,69360.9,69314.9
2023-11-17,66937.6,66853.3,68671.3,68530.3,69195.5,69053.4
2023-11-18,66941.6,66856.6,68591.2,68432.9,69114.8,68955.3
2023-11-19,66944.5,66895.1,68595.2,68509.0,69118.9,69032.0
2023-11-20,66880.1,66850.4,68522.9,68459.6,69046.0,68982.2
2023-11-21,66769.2,66748.0,68338.2,68319.0,68859.9,68840.5
2023-11-22,67066.5,66749.9,68732.2,68330.2,69256.9,68851.8
2023-11-23,67261.6,67055.5,68974.3,68732.8,69500.9,69257.5
2023-11-24,67261.6,67261.6,68974.3,68974.3,69500.9,69500.9
2023-11-25,67261.6,67261.6,68974.3,68974.3,69500.9,69500.9
2023-11-26,67261.6,67261.6,68974.3,68974.3,69500.9,69500.9
2023-11-27,67261.6,67261.6,68974.3,68974.3,69500.9,69500.9
2023-11-28,67261.6,67261.6,68974.3,68974.3,69500.9,69500.9
2023-11-29,67261.6,67261.6,68974.3,68974.3,69500.9,69500.9
2023-11-30,67261.6,67261.6,68974.3,68974.3,69500.9,69500.9
2023-12-01,67261.6,67261.6,68974.3,68974.3,69500.9,69500.9
2023-12-02,67261.6,67261.6,68974.3,68974.3,69500.9,69500.9
2023-12-03,67261.6,67261.6,68974.3,68974.3,69500.9,69500.9
2023-12-04,68374.2,67010.7,70431.5,68764.5,70968.9,69289.4
2023-12-05,68307.2,68218.9,70428.5,70255.4,70965.8,70791.4
2023-12-06,68145.9,68011.7,70281.1,70103.1,70817.2,70637.9
2023-12-07,68131.8,68085.1,70301.6,70193.8,70837.9,70729.2
2023-12-08,68222.7,68100.6,70403.4,70268.6,70940.5,70804.7
2023-12-09,68110.7,68101.6,70252.5,70239.0,70788.4,70774.7
2023-12-10,68263.5,68101.3,70437.2,70219.3,70974.6,70754.9
2023-12-11,69303.2,67585.2,71727.9,69455.8,72273.6,69985.4
2023-12-12,69488.3,69310.3,71896.3,71737.9,72443.5,72283.7
2023-12-13,69500.2,69435.1,71987.1,71785.8,72534.9,72332.1
2023-12-14,70511.2,69466.8,73362.0,71969.9,73919.6,72517.6
2023-12-15,70322.3,70318.9,73215.3,73159.9,73771.7,73715.9
2023-12-16,70384.4,70283.3,73300.5,73167.1,73857.6,73723.2
2023-12-17,70272.4,70261.3,73226.4,73193.3,73783.0,73749.6
2023-12-18,70337.2,70125.3,73370.9,73150.4,73928.7,73706.5
2023-12-19,70236.4,70216.8,73266.0,73245.5,73823.0,73802.3
2023-12-20,70333.2,70210.5,73366.6,73239.0,73924.4,73795.7
2023-12-21,70318.4,70302.9,73351.2,73335.1,73908.9,73892.6
2023-12-22,70318.4,70318.4,73351.2,73351.2,73908.9,73908.9
2023-12-23,70318.4,70318.4,73351.2,73351.2,73908.9,73908.9
2023-12-24,70318.4,70318.4,73351.2,73351.2,73908.9,73908.9
2023-12-25,70318.4,70318.4,73351.2,73351.2,73908.9,73908.9
2023-12-26,71282.3,70318.4,74729.7,73351.2,75297.8,73908.9
2023-12-27,71146.9,71118.2,74547.2,74460.7,75114.0,75026.9
2023-12-28,71087.0,71072.4,74431.3,74393.1,74997.2,74958.8
2023-12-29,71070.5,71018.8,74386.4,74325.2,74952.1,74890.4
2023-12-30,71046.2,71015.8,74339.8,74299.3,74905.1,74864.3
2023-12-31,71028.2,71003.9,74279.1,74235.9,74844.0,74800.4
2024-01-01,71035.6,70987.1,74314.8,74225.5,74879.9,74789.9
2024-01-02,71013.4,71013.4,74412.4,74306.1,74978.3,74871.2
2024-01-03,72343.3,67641.4,75710.5,70004.5,76287.9,70538.4
2024-01-04,72285.6,72049.4,75727.1,75357.3,76305.0,75932.3
2024-01-05,72447.6,71736.2,75822.8,75003.4,76400.0,75576.9
2024-01-06,72374.0,71884.8,75538.5,74970.5,76114.2,75541.7
2024-01-07,72052.8,71973.4,75068.0,74949.6,75640.4,75521.2
2024-01-08,72496.5,71515.2,75663.9,74259.8,76239.5,74826.6
2024-01-09,72324.6,72071.6,75307.3,74967.0,75880.5,75537.8
2024-01-10,72309.4,72271.3,75344.7,75270.2,75918.4,75843.2
2024-01-11,72309.4,72309.4,75344.7,75344.7,75918.4,75918.4
2024-01-12,72322.1,72160.7,75365.7,75197.3,75939.6,75769.9
2024-01-13,72311.5,72162.3,75354.6,75198.8,75928.3,75771.4
2024-01-14,72413.9,72277.0,75461.6,75318.5,76036.1,75892.0
2024-01-15,72474.1,72413.2,75524.4,75460.9,76099.4,76035.4
2024-01-16,72650.0,72429.7,75707.9,75478.1,76284.3,76052.7
2024-01-17,72626.7,72590.4,75683.6,75645.8,76259.8,76221.8
2024-01-18,72550.3,72515.7,75603.9,75567.9,76179.6,76143.3
2024-01-19,72448.3,72444.5,75497.6,75493.7,76072.5,76068.5
2024-01-20,72448.3,72448.3,75497.6,75497.6,76072.5,76072.5
2024-01-21,72448.3,72448.3,75497.6,75497.6,76072.5,76072.5
2024-01-22,72448.3,72448.3,75497.6,75497.6,76072.5,76072.5
2024-01-23,72448.3,72448.3,75497.6,75497.6,76072.5,76072.5
2024-01-24,72448.3,72448.3,75497.6,75497.6,76072.5,76072.5
2024-01-25,72448.3,72448.3,75497.6,75497.6,76072.5,76072.5
2024-01-26,72448.3,72448.3,75497.6,75497.6,76072.5,76072.5
2024-01-27,72448.3,72448.3,75497.6,75497.6,76072.5,76072.5
2024-01-28,72448.3,72448.3,75497.6,75497.6,76072.5,76072.5
2024-01-29,72448.3,72448.3,75497.6,75497.6,76072.5,76072.5
2024-01-30,72448.3,72448.3,75497.6,75497.6,76072.5,76072.5
2024-01-31,72448.3,72448.3,75497.6,75497.6,76072.5,76072.5
2024-02-01,72448.3,72448.3,75497.6,75497.6,76072.5,76072.5
2024-02-02,72448.3,72448.3,75497.6,75497.6,76072.5,76072.5
2024-02-03,72448.3,72448.3,75497.6,75497.6,76072.5,76072.5
2024-02-04,72448.3,72448.3,75497.6,75497.6,76072.5,76072.5
2024-02-05,72448.3,72448.3,75497.6,75497.6,76072.5,76072.5
2024-02-06,72448.3,72448.3,75497.6,75497.6,76072.5,76072.5
2024-02-07,72448.3,72448.3,75497.6,75497.6,76072.5,76072.5
2024-02-08,72448.3,72448.3,75497.6,75497.6,76072.5,76072.5
2024-02-09,72448.3,72448.3,75497.6,75497.6,76072.5,76072.5
2024-02-10,72448.3,72448.3,75497.6,75497.6,76072.5,76072.5
2024-02-11,72448.3,72448.3,75497.6,75497.6,76072.5,76072.5
2024-02-12,72448.3,72448.3,75497.6,75497.6,76072.5,76072.5
2024-02-13,72448.3,72448.3,75497.6,75497.6,76072.5,76072.5
2024-02-14,72448.3,72448.3,75497.6,75497.6,76072.5,76072.5
2024-02-15,72448.3,72448.3,75497.6,75497.6,76072.5,76072.5
2024-02-16,72448.3,72448.3,75497.6,75497.6,76072.5,76072.5
2024-02-17,72448.3,72448.3,75497.6,75497.6,76072.5,76072.5
2024-02-18,72448.3,72448.3,75497.6,75497.6,76072.5,76072.5
2024-02-19,72448.3,72448.3,75497.6,75497.6,76072.5,76072.5
2024-02-20,73784.4,72448.3,77113.6,75497.6,77700.5,76072.5
2024-02-21,73734.9,73440.1,76938.2,76501.4,77524.0,77083.9
2024-02-22,73850.2,73536.4,77095.3,76608.2,77682.1,77191.5
2024-02-23,73794.5,73768.6,77007.4,76934.5,77593.6,77520.2
2024-02-24,73817.2,73772.3,77072.8,76911.0,77659.5,77496.5
2024-02-25,73847.6,73804.2,77212.4,77054.9,77800.1,77641.4
2024-02-26,73894.2,73839.1,77275.2,77181.0,77863.4,77768.5
2024-02-27,73870.7,73865.1,77221.2,77213.8,77809.0,77801.5
2024-02-28,76519.4,73659.7,80276.5,76625.4,80887.4,77208.7
2024-02-29,76207.3,76064.4,79961.0,79790.8,80569.6,80398.0
2024-03-01,76782.1,76277.2,80512.6,80013.9,81125.3,80622.9
2024-03-02,76707.5,76652.9,80424.3,80350.8,81036.3,80962.2
2024-03-03,76916.1,76605.5,80657.0,80089.4,81270.7,80698.8
2024-03-04,76854.9,76821.2,80746.1,80557.7,81360.5,81170.7
2024-03-05,77684.4,73020.2,81627.4,75771.0,82249.1,76347.2
2024-03-06,78759.8,76887.0,83058.9,80694.6,83691.2,81309.2
2024-03-07,78929.6,78582.3,83309.3,82782.9,83943.5,83413.1
2024-03-08,79435.5,78807.0,83776.3,83107.8,84414.1,83740.5
2024-03-09,79546.0,79405.9,83860.1,83715.5,84498.5,84352.8
2024-03-10,79442.5,79380.4,83665.0,83498.1,84301.9,84133.7
2024-03-11,79556.1,79321.3,83918.6,83399.4,84557.5,84034.3
2024-03-12,79408.5,79372.9,83762.9,83654.2,84400.6,84291.0
2024-03-13,79344.4,79317.6,83761.5,83660.8,84399.2,84297.8
2024-03-14,79528.5,79302.8,83869.0,83675.2,84507.4,84312.3
2024-03-15,80591.3,79013.6,84857.7,82408.4,85503.8,83035.5
2024-03-16,79576.0,79391.9,83332.5,83049.1,83966.7,83681.2
2024-03-17,80140.8,79307.0,84105.6,82854.2,84745.6,83484.6
2024-03-18,79401.1,79229.5,83022.5,82757.8,83654.3,83387.6
2024-03-19,80564.6,78612.5,83535.2,81525.7,84170.8,82146.0
2024-03-20,81530.7,80264.5,85341.9,83079.0,85992.0,83711.1
2024-03-21,81592.0,81406.3,85291.9,85016.6,85941.4,85663.9
2024-03-22,81538.8,81443.9,85213.5,85081.6,85862.4,85729.5
2024-03-23,81489.5,81474.2,85182.7,85177.0,85831.3,85825.6
2024-03-24,81516.0,81424.1,85225.5,85131.7,85874.5,85779.9
2024-03-25,81526.4,81484.2,85263.0,85203.2,85912.3,85852.0
2024-03-26,81509.9,81499.1,85374.5,85247.9,86024.6,85897.0
2024-03-27,81509.9,81509.9,85374.5,85374.5,86024.6,86024.6
2024-03-28,81509.9,81509.9,85374.5,85374.5,86024.6,86024.6
2024-03-29,81509.9,81509.9,85374.5,85374.5,86024.6,86024.6
2024-03-30,81509.9,81509.9,85374.5,85374.5,86024.6,86024.6
2024-03-31,81509.9,81509.9,85374.5,85374.5,86024.6,86024.6
2024-04-01,81810.0,81509.9,85793.0,85374.5,86446.2,86024.6
2024-04-02,82195.2,81810.0,86106.1,85793.0,86761.4,86446.2
2024-04-03,82490.5,81871.2,86523.9,85584.5,87182.4,86235.8
2024-04-04,83093.3,82315.4,87302.0,86261.3,87966.4,86917.8
2024-04-05,83048.4,82630.2,87126.6,86550.7,87789.7,87209.5
2024-04-06,83206.3,83010.4,87451.2,87061.1,88116.8,87723.7
2024-04-07,83437.7,83175.2,87877.3,87398.4,88546.2,88063.6
2024-04-08,83631.2,83384.5,88214.5,87767.0,88885.9,88435.1
2024-04-09,83579.3,83562.1,88146.5,88121.9,88817.5,88792.7
2024-04-10,84163.5,83569.2,89307.6,88137.2,89987.3,88808.1
2024-04-11,83722.5,83682.9,88845.7,88804.0,89522.1,89480.1
2024-04-12,82781.3,80545.9,87523.0,84654.1,88189.7,85298.7
2024-04-13,79665.7,75371.1,83514.1,78739.3,84150.0,79338.6
2024-04-14,82618.0,78073.4,86956.4,81691.7,87619.0,82313.6
2024-04-15,82110.0,81396.4,86505.5,85634.9,87164.6,86287.3
2024-04-16,82153.5,81122.8,86524.4,85304.2,87183.7,85954.2
2024-04-17,81429.6,80953.8,85800.9,85125.0,86454.6,85773.6
2024-04-18,81844.3,80918.7,86267.4,85177.3,86924.7,85826.2
2024-04-19,82654.4,81026.5,87226.6,85202.8,87891.2,85851.9
2024-04-20,82842.7,82628.8,87332.0,87212.8,87997.5,87877.3
2024-04-21,82842.7,82842.7,87332.0,87332.0,87997.5,87997.5
2024-04-22,82842.7,82842.7,87332.0,87332.0,87997.5,87997.5
2024-04-23,82842.7,82842.7,87332.0,87332.0,87997.5,87997.5
2024-04-24,82842.7,82842.7,87332.0,87332.0,87997.5,87997.5
2024-04-25,82842.7,82842.7,87332.0,87332.0,87997.5,87997.5
2024-04-26,82842.7,82842.7,87332.0,87332.0,87997.5,87997.5
2024-04-27,82842.7,82842.7,87332.0,87332.0,87997.5,87997.5
2024-04-28,82842.7,82842.7,87332.0,87332.0,87997.5,87997.5
2024-04-29,82842.7,82842.7,87332.0,87332.0,87997.5,87997.5
2024-04-30,82842.7,82842.7,87332.0,87332.0,87997.5,87997.5
2024-05-01,82842.7,82842.7,87332.0,87332.0,87997.5,87997.5
2024-05-02,82842.7,82842.7,87332.0,87332.0,87997.5,87997.5
2024-05-03,82842.7,82842.7,87332.0,87332.0,87997.5,87997.5
2024-05-04,82842.7,82842.7,87332.0,87332.0,87997.5,87997.5
2024-05-05,82842.7,82842.7,87332.0,87332.0,87997.5,87997.5
2024-05-06,82842.7,82842.7,87332.0,87332.0,87997.5,87997.5
2024-05-07,82842.7,82842.7,87332.0,87332.0,87997.5,87997.5
2024-05-08,82842.7,82842.7,87332.0,87332.0,87997.5,87997.5
2024-05-09,82842.7,82842.7,87332.0,87332.0,87997.5,87997.5
2024-05-10,82842.7,82842.7,87332.0,87332.0,87997.5,87997.5
2024-05-11,82842.7,82842.7,87332.0,87332.0,87997.5,87997.5
2024-05-12,82842.7,82842.7,87332.0,87332.0,87997.5,87997.5
2024-05-13,82842.7,82842.7,87332.0,87332.0,87997.5,87997.5
2024-05-14,82842.7,82842.7,87332.0,87332.0,87997.5,87997.5
2024-05-15,82842.7,82842.7,87332.0,87332.0,87997.5,87997.5
2024-05-16,82842.7,82842.7,87332.0,87332.0,87997.5,87997.5
2024-05-17,82842.7,82842.7,87332.0,87332.0,87997.5,87997.5
2024-05-18,82842.7,82842.7,87332.0,87332.0,87997.5,87997.5
2024-05-19,82842.7,82842.7,87332.0,87332.0,87997.5,87997.5
2024-05-20,82842.7,82842.7,87332.0,87332.0,87997.5,87997.5
2024-05-21,82842.7,82842.7,87332.0,87332.0,87997.5,87997.5
2024-05-22,82842.7,82842.7,87332.0,87332.0,87997.5,87997.5
2024-05-23,82842.7,82842.7,87332.0,87332.0,87997.5,87997.5
2024-05-24,82842.7,82842.7,87332.0,87332.0,87997.5,87997.5
2024-05-25,82842.7,82842.7,87332.0,87332.0,87997.5,87997.5
2024-05-26,82842.7,82842.7,87332.0,87332.0,87997.5,87997.5
2024-05-27,82842.7,82842.7,87332.0,87332.0,87997.5,87997.5
2024-05-28,82842.7,82842.7,87332.0,87332.0,87997.5,87997.5
2024-05-29,82842.7,82842.7,87332.0,87332.0,87997.5,87997.5
2024-05-30,82842.7,82842.7,87332.0,87332.0,87997.5,87997.5
2024-05-31,82842.7,82842.7,87332.0,87332.0,87997.5,87997.5
2024-06-01,82842.7,82842.7,87332.0,87332.0,87997.5,87997.5
2024-06-02,82842.7,82842.7,87332.0,87332.0,87997.5,87997.5
2024-06-03,82842.7,82842.7,87332.0,87332.0,87997.5,87997.5
2024-06-04,82842.7,82842.7,87332.0,87332.0,87997.5,87997.5
2024-06-05,82842.7,82842.7,87332.0,87332.0,87997.5,87997.5
2024-06-06,82842.7,82842.7,87332.0,87332.0,87997.5,87997.5
2024-06-07,82803.7,80813.7,87199.4,84662.8,87863.8,85307.8
2024-06-08,83322.2,82752.5,87609.1,87125.3,88276.7,87789.1
2024-06-09,83453.7,83124.3,87816.0,87351.1,88485.1,88016.6
2024-06-10,82847.8,82801.8,87045.5,86978.3,87708.6,87640.9
2024-06-11,82137.3,81775.3,86077.5,85629.6,86733.0,86281.6
2024-06-12,82177.7,81550.8,86320.1,85534.0,86977.7,86185.3
2024-06-13,81479.0,81398.1,85297.8,85181.5,85947.3,85830.0
2024-06-14,81414.4,81331.5,85111.0,85017.6,85758.9,85664.8
2024-06-15,81458.0,81414.6,85152.3,85111.3,85800.5,85759.2
2024-06-16,81459.0,81431.4,85153.2,85127.1,85801.4,85775.2
2024-06-17,81369.6,81362.0,85068.7,85061.4,85716.3,85709.0
2024-06-18,81980.0,80224.1,85623.2,83606.5,86275.0,84243.0
2024-06-19,82205.1,81693.4,85934.8,85219.6,86588.8,85868.3
2024-06-20,82414.1,82138.3,86133.8,85830.6,86789.4,86483.9
2024-06-21,82402.0,82280.0,86077.8,85949.1,86733.0,86603.3
2024-06-22,82718.4,82279.4,86418.8,85886.7,87076.6,86540.4
2024-06-23,82441.2,82416.8,85985.5,85951.2,86639.9,86605.4
2024-06-24,82551.6,82277.9,86151.4,85685.1,86807.1,86337.3
2024-06-25,82591.1,82534.0,86195.2,86128.4,86851.3,86783.9
2024-06-26,82591.1,82591.1,86195.2,86195.2,86851.3,86851.3
2024-06-27,82591.1,82591.1,86195.2,86195.2,86851.3,86851.3
2024-06-28,82591.1,82591.1,86195.2,86195.2,86851.3,86851.3
2024-06-29,82591.1,82591.1,86195.2,86195.2,86851.3,86851.3
2024-06-30,82591.1,82591.1,86195.2,86195.2,86851.3,86851.3
2024-07-01,82591.1,82591.1,86195.2,86195.2,86851.3,86851.3
2024-07-02,82591.1,82591.1,86195.2,86195.2,86851.3,86851.3
2024-07-03,82591.1,82591.1,86195.2,86195.2,86851.3,86851.3
2024-07-04,81986.5,81907.9,85320.3,85168.4,85969.8,85816.8
2024-07-05,82088.6,79077.4,84905.3,81469.5,85552.1,82090.1
2024-07-06,84757.0,81946.1,88315.3,84728.5,88987.6,85374.0
2024-07-07,83848.7,83707.7,86832.7,86747.7,87493.9,87408.3
2024-07-08,84181.5,83427.2,87108.3,86094.4,87771.8,86750.1
2024-07-09,84391.0,84101.1,87517.6,86965.9,88184.1,87628.3
2024-07-10,84733.0,84279.6,87873.0,87346.8,88542.2,88012.0
2024-07-11,84653.2,84645.7,87912.5,87778.8,88581.9,88447.2
2024-07-12,84639.9,84639.9,87901.0,87901.0,88570.3,88570.3
2024-07-13,84639.9,84639.9,87901.0,87901.0,88570.3,88570.3
2024-07-14,84639.9,84639.9,87901.0,87901.0,88570.3,88570.3
2024-07-15,84639.9,84639.9,87901.0,87901.0,88570.3,88570.3
2024-07-16,84639.9,84639.9,87901.0,87901.0,88570.3,88570.3
2024-07-17,84639.9,84639.9,87901.0,87901.0,88570.3,88570.3
2024-07-18,84639.9,84639.9,87901.0,87901.0,88570.3,88570.3
2024-07-19,84639.9,84639.9,87901.0,87901.0,88570.3,88570.3
2024-07-20,84639.9,84639.9,87901.0,87901.0,88570.3,88570.3
2024-07-21,84639.9,84639.9,87901.0,87901.0,88570.3,88570.3
2024-07-22,84639.9,84639.9,87901.0,87901.0,88570.3,88570.3
2024-07-23,84639.9,84639.9,87901.0,87901.0,88570.3,88570.3
2024-07-24,84639.9,84639.9,87901.0,87901.0,88570.3,88570.3
2024-07-25,84639.9,84639.9,87901.0,87901.0,88570.3,88570.3
2024-07-26,84639.9,84639.9,87901.0,87901.0,88570.3,88570.3
2024-07-27,84639.9,84639.9,87901.0,87901.0,88570.3,88570.3
2024-07-28,84639.9,84639.9,87901.0,87901.0,88570.3,88570.3
2024-07-29,84639.9,84639.9,87901.0,87901.0,88570.3,88570.3
2024-07-30,84639.9,84639.9,87901.0,87901.0,88570.3,88570.3
2024-07-31,84639.9,84639.9,87901.0,87901.0,88570.3,88570.3
2024-08-01,84639.9,84639.9,87901.0,87901.0,88570.3,88570.3
2024-08-02,84639.9,84639.9,87901.0,87901.0,88570.3,88570.3
2024-08-03,84639.9,84639.9,87901.0,87901.0,88570.3,88570.3
2024-08-04,84639.9,84639.9,87901.0,87901.0,88570.3,88570.3
2024-08-05,84050.0,79517.1,86861.2,81550.4,87522.6,82171.3
2024-08-06,87111.6,84045.4,90588.8,86846.7,91278.5,87508.0
2024-08-07,86765.0,86647.2,90266.8,90148.0,90954.1,90834.5
2024-08-08,87710.6,86635.2,91205.1,90136.9,91899.5,90823.2
2024-08-09,87667.8,87641.9,91169.2,91142.2,91863.3,91836.2
2024-08-10,87667.8,87667.8,91169.2,91169.2,91863.3,91863.3
2024-08-11,87667.8,87667.8,91169.2,91169.2,91863.3,91863.3
2024-08-12,87667.8,87667.8,91169.2,91169.2,91863.3,91863.3
2024-08-13,87667.8,87667.8,91169.2,91169.2,91863.3,91863.3
2024-08-14,87667.8,87667.8,91169.2,91169.2,91863.3,91863.3
2024-08-15,87667.8,87667.8,91169.2,91169.2,91863.3,91863.3
2024-08-16,87667.8,87667.8,91169.2,91169.2,91863.3,91863.3
2024-08-17,87667.8,87667.8,91169.2,91169.2,91863.3,91863.3
2024-08-18,87667.8,87667.8,91169.2,91169.2,91863.3,91863.3
2024-08-19,87667.8,87667.8,91169.2,91169.2,91863.3,91863.3
2024-08-20,87667.8,87667.8,91169.2,91169.2,91863.3,91863.3
2024-08-21,87667.8,87667.8,91169.2,91169.2,91863.3,91863.3
2024-08-22,87667.8,87667.8,91169.2,91169.2,91863.3,91863.3
2024-08-23,87667.8,87667.8,91169.2,91169.2,91863.3,91863.3
2024-08-24,87667.8,87667.8,91169.2,91169.2,91863.3,91863.3
2024-08-25,87667.8,87667.8,91169.2,91169.2,91863.3,91863.3
2024-08-26,87667.8,87667.8,91169.2,91169.2,91863.3,91863.3
2024-08-27,87667.8,87667.8,91169.2,91169.2,91863.3,91863.3
2024-08-28,87667.8,87667.8,91169.2,91169.2,91863.3,91863.3
2024-08-29,87667.8,87667.8,91169.2,91169.2,91863.3,91863.3
2024-08-30,87667.8,87667.8,91169.2,91169.2,91863.3,91863.3
2024-08-31,87667.8,87667.8,91169.2,91169.2,91863.3,91863.3
2024-09-01,87667.8,87667.8,91169.2,91169.2,91863.3,91863.3
2024-09-02,87667.8,87667.8,91169.2,91169.2,91863.3,91863.3
2024-09-03,87667.8,87667.8,91169.2,91169.2,91863.3,91863.3
2024-09-04,88749.9,87658.6,92662.2,91142.3,93367.6,91836.3
2024-09-05,88558.9,88447.6,92463.5,92347.8,93167.5,93050.9
2024-09-06,88326.7,88175.4,92222.0,92064.7,92924.1,92765.6
2024-09-07,88339.2,88278.6,92235.1,92172.0,92937.3,92873.7
2024-09-08,88464.2,88250.6,92365.0,92142.9,93068.2,92844.4
2024-09-09,88563.5,88401.9,92468.2,92300.3,93172.2,93003.0
2024-09-10,88464.1,88378.9,92355.3,92276.3,93058.4,92978.8
2024-09-11,88410.0,88410.0,92299.0,92299.0,93001.7,93001.7
2024-09-12,88410.0,88410.0,92299.0,92299.0,93001.7,93001.7
2024-09-13,88410.0,88410.0,92299.0,92299.0,93001.7,93001.7
2024-09-14,88410.0,88410.0,92299.0,92299.0,93001.7,93001.7
2024-09-15,88410.0,88410.0,92299.0,92299.0,93001.7,93001.7
2024-09-16,88410.0,88410.0,92299.0,92299.0,93001.7,93001.7
2024-09-17,88410.0,88410.0,92299.0,92299.0,93001.7,93001.7
2024-09-18,88410.0,88410.0,92299.0,92299.0,93001.7,93001.7
2024-09-19,88410.0,88410.0,92299.0,92299.0,93001.7,93001.7
2024-09-20,88410.0,88410.0,92299.0,92299.0,93001.7,93001.7
2024-09-21,88410.0,88410.0,92299.0,92299.0,93001.7,93001.7
2024-09-22,88410.0,88410.0,92299.0,92299.0,93001.7,93001.7
2024-09-23,88410.0,88410.0,92299.0,92299.0,93001.7,93001.7
2024-09-24,88410.0,88410.0,92299.0,92299.0,93001.7,93001.7
2024-09-25,88410.0,88410.0,92299.0,92299.0,93001.7,93001.7
2024-09-26,88410.0,88410.0,92299.0,92299.0,93001.7,93001.7
2024-09-27,88410.0,88410.0,92299.0,92299.0,93001.7,93001.7
2024-09-28,88410.0,88410.0,92299.0,92299.0,93001.7,93001.7
2024-09-29,88410.0,88410.0,92299.0,92299.0,93001.7,93001.7
2024-09-30,88410.0,88410.0,92299.0,92299.0,93001.7,93001.7
2024-10-01,89572.0,88309.5,93740.1,92039.0,94453.8,92739.7
2024-10-02,89754.4,89529.2,93866.9,93642.3,94581.7,94355.2
2024-10-03,89719.8,89619.5,93743.5,93597.7,94457.3,94310.4
2024-10-04,89891.2,89698.8,94109.5,93698.4,94826.1,94411.8
2024-10-05,89874.9,89846.2,94062.8,94020.5,94779.0,94736.4
2024-10-06,89914.9,89859.9,94109.8,94033.4,94826.4,94749.4
2024-10-07,89914.2,89905.1,94148.6,94091.2,94865.5,94807.6
2024-10-08,89908.7,89872.8,94096.9,94073.3,94813.4,94789.6
2024-10-09,89908.7,89908.7,94096.9,94096.9,94813.4,94813.4
2024-10-10,89908.7,89908.7,94096.9,94096.9,94813.4,94813.4
2024-10-11,89908.7,89908.7,94096.9,94096.9,94813.4,94813.4
2024-10-12,89908.7,89908.7,94096.9,94096.9,94813.4,94813.4
2024-10-13,89908.7,89908.7,94096.9,94096.9,94813.4,94813.4
2024-10-14,89908.7,89908.7,94096.9,94096.9,94813.4,94813.4
2024-10-15,89908.7,89908.7,94096.9,94096.9,94813.4,94813.4
2024-10-16,89908.7,89908.7,94096.9,94096.9,94813.4,94813.4
2024-10-17,89908.7,89908.7,94096.9,94096.9,94813.4,94813.4
2024-10-18,89908.7,89908.7,94096.9,94096.9,94813.4,94813.4
2024-10-19,89908.7,89908.7,94096.9,94096.9,94813.4,94813.4
2024-10-20,89908.7,89908.7,94096.9,94096.9,94813.4,94813.4
2024-10-21,89908.7,89908.7,94096.9,94096.9,94813.4,94813.4
2024-10-22,89908.7,89908.7,94096.9,94096.9,94813.4,94813.4
2024-10-23,89908.7,89908.7,94096.9,94096.9,94813.4,94813.4
2024-10-24,89908.7,89908.7,94096.9,94096.9,94813.4,94813.4
2024-10-25,90294.5,89908.7,94495.6,94096.9,95215.2,94813.4
2024-10-26,90333.0,90222.0,94541.0,94419.8,95260.9,95138.8
2024-10-27,90333.0,90333.0,94541.0,94541.0,95260.9,95260.9
2024-10-28,90333.0,90333.0,94541.0,94541.0,95260.9,95260.9
2024-10-29,90333.0,90333.0,94541.0,94541.0,95260.9,95260.9
2024-10-30,90333.0,90333.0,94541.0,94541.0,95260.9,95260.9
2024-10-31,90333.0,90333.0,94541.0,94541.0,95260.9,95260.9
2024-11-01,90333.0,90333.0,94541.0,94541.0,95260.9,95260.9
2024-11-02,90333.0,90333.0,94541.0,94541.0,95260.9,95260.9
2024-11-03,90333.0,90333.0,94541.0,94541.0,95260.9,95260.9
2024-11-04,90333.0,90333.0,94541.0,94541.0,95260.9,95260.9
2024-11-05,90333.0,90333.0,94541.0,94541.0,95260.9,95260.9
2024-11-06,90333.0,90333.0,94541.0,94541.0,95260.9,95260.9
2024-11-07,90333.0,90333.0,94541.0,94541.0,95260.9,95260.9
2024-11-08,90333.0,90333.0,94541.0,94541.0,95260.9,95260.9
2024-11-09,90333.0,90333.0,94541.0,94541.0,95260.9,95260.9
2024-11-10,90333.0,90333.0,94541.0,94541.0,95260.9,95260.9
2024-11-11,90333.0,90333.0,94541.0,94541.0,95260.9,95260.9
2024-11-12,90983.6,89357.1,95583.5,93165.3,96311.2,93874.8
2024-11-13,92186.7,89942.0,96807.1,94102.9,97544.3,94819.5
2024-11-14,91994.0,91880.1,96703.4,96462.6,97440.0,97197.3
2024-11-15,92350.0,91888.6,97245.1,96512.4,97985.7,97247.5
2024-11-16,92439.2,92235.1,97354.9,97017.7,98096.3,97756.6
2024-11-17,92707.7,92143.8,97468.9,96799.0,98211.0,97536.2
2024-11-18,93021.1,92514.6,97904.1,97194.3,98649.5,97934.4
2024-11-19,93036.7,93026.6,97817.7,97794.5,98562.5,98539.1
2024-11-20,93036.7,93036.7,97817.7,97817.7,98562.5,98562.5
2024-11-21,93036.7,93036.7,97817.7,97817.7,98562.5,98562.5
2024-11-22,93036.7,93036.7,97817.7,97817.7,98562.5,98562.5
2024-11-23,93036.7,93036.7,97817.7,97817.7,98562.5,98562.5
2024-11-24,93036.7,93036.7,97817.7,97817.7,98562.5,98562.5
2024-11-25,93036.7,93036.7,97817.7,97817.7,98562.5,98562.5
2024-11-26,93036.7,93036.7,97817.7,97817.7,98562.5,98562.5
2024-11-27,93036.7,93036.7,97817.7,97817.7,98562.5,98562.5
2024-11-28,93036.7,93036.7,97817.7,97817.7,98562.5,98562.5
2024-11-29,93036.7,93036.7,97817.7,97817.7,98562.5,98562.5
2024-11-30,93036.7,93036.7,97817.7,97817.7,98562.5,98562.5
2024-12-01,93036.7,93036.7,97817.7,97817.7,98562.5,98562.5
2024-12-02,93070.7,92963.5,97853.4,97740.7,98598.5,98484.9
2024-12-03,94684.1,93077.5,100727.3,97860.5,101494.3,98605.7
2024-12-04,95039.2,94693.8,100779.7,100728.3,101547.4,101495.3
2024-12-05,96058.3,95039.2,102172.3,100716.6,102950.4,101483.7
2024-12-06,96556.4,95870.2,102830.2,101794.2,103614.8,102569.6
2024-12-07,96450.9,96250.9,102780.1,102480.1,103564.5,103262.1
2024-12-08,96341.8,96158.6,102676.5,102387.3,103460.1,103168.7
2024-12-09,96432.4,92796.6,103071.1,97866.2,103857.3,98612.9
2024-12-10,96330.0,95213.6,102895.4,101409.4,103680.2,102183.0
2024-12-11,97987.8,96005.2,104987.3,102537.0,105788.1,103319.0
2024-12-12,98030.2,97832.3,105004.7,104830.8,105805.7,105630.5
2024-12-13,98030.2,98030.2,105004.7,105004.7,105805.7,105805.7
2024-12-14,98030.2,98030.2,105004.7,105004.7,105805.7,105805.7
2024-12-15,98030.2,98030.2,105004.7,105004.7,105805.7,105805.7
2024-12-16,98030.2,98030.2,105004.7,105004.7,105805.7,105805.7
2024-12-17,98030.2,98030.2,105004.7,105004.7,105805.7,105805.7
2024-12-18,98562.8,97925.4,105650.7,104906.1,106456.6,105706.4
2024-12-19,98253.4,96507.0,105741.3,103439.7,106547.7,104228.7
2024-12-20,100988.5,94707.5,109035.1,100818.7,109866.9,101588.2
2024-12-21,101075.4,100866.1,109391.0,108870.4,110225.3,109701.0
2024-12-22,101111.4,100884.5,109471.1,109282.6,110306.0,110116.1
2024-12-23,101538.2,100968.5,109836.0,109309.9,110673.8,110143.6
2024-12-24,101875.0,101319.3,110055.0,109643.1,110894.4,110479.4
2024-12-25,101862.6,101840.3,109897.6,109877.6,110735.8,110715.6
2024-12-26,101855.1,101823.7,109789.3,109757.0,110626.7,110594.1
2024-12-27,101855.1,101855.1,109789.3,109789.3,110626.7,110626.7
2024-12-28,101855.1,101855.1,109789.3,109789.3,110626.7,110626.7
2024-12-29,101855.1,101855.1,109789.3,109789.3,110626.7,110626.7
2024-12-30,101855.1,101855.1,109789.3,109789.3,110626.7,110626.7
2024-12-31,101855.1,101855.1,109789.3,109789.3,110626.7,110626.7
2025-01-01,101855.1,101855.1,109789.3,109789.3,110626.7,110626.7
2025-01-02,101855.1,101855.1,109789.3,109789.3,110626.7,110626.7
2025-01-03,101855.1,101855.1,109789.3,109789.3,110626.7,110626.7
2025-01-04,101855.1,101855.1,109789.3,109789.3,110626.7,110626.7
2025-01-05,101855.1,101855.1,109789.3,109789.3,110626.7,110626.7
2025-01-06,101855.1,101855.1,109789.3,109789.3,110626.7,110626.7
2025-01-07,101855.1,101855.1,109789.3,109789.3,110626.7,110626.7
2025-01-08,102366.1,101855.1,110451.2,109775.7,111293.6,110613.0
2025-01-09,102410.2,102343.7,110492.8,110443.7,111335.5,111286.1
2025-01-10,102410.2,102410.2,110492.8,110492.8,111335.5,111335.5
2025-01-11,102410.2,102410.2,110492.8,110492.8,111335.5,111335.5
2025-01-12,102410.2,102410.2,110492.8,110492.8,111335.5,111335.5
2025-01-13,102410.2,102410.2,110492.8,110492.8,111335.5,111335.5
2025-01-14,102410.2,102410.2,110492.8,110492.8,111335.5,111335.5
2025-01-15,102410.2,102410.2,110492.8,110492.8,111335.5,111335.5
2025-01-16,102410.2,102410.2,110492.8,110492.8,111335.5,111335.5
2025-01-17,102410.2,102410.2,110492.8,110492.8,111335.5,111335.5
2025-01-18,102410.2,102410.2,110492.8,110492.8,111335.5,111335.5
2025-01-19,102215.8,101618.9,110179.1,109347.5,111019.5,110181.5
2025-01-20,103785.5,100108.0,111613.9,107654.2,112465.1,108475.3
2025-01-21,104837.6,102426.4,113009.1,109864.1,113871.1,110702.0
2025-01-22,105533.2,104647.8,113652.8,112692.0,114519.6,113551.6
2025-01-23,105436.7,105267.7,113506.1,113252.8,114371.9,114116.6
2025-01-24,105171.2,105148.7,113081.9,113029.4,113944.4,113891.4
2025-01-25,105153.8,105044.3,113133.7,112875.9,113996.6,113736.7
2025-01-26,105024.9,105024.9,112861.9,112859.9,113722.7,113720.7
2025-01-27,107436.6,104770.4,115843.1,112336.4,116726.6,113193.1
2025-01-28,107371.7,107166.3,115822.6,115604.9,116706.0,116486.6
2025-01-29,107824.6,107238.4,116282.5,115685.1,117169.4,116567.4
2025-01-30,108065.2,107823.9,116487.9,116282.0,117376.4,117168.9
2025-01-31,108065.2,108065.2,116487.9,116487.9,117376.4,117376.4
2025-02-01,108065.2,108065.2,116487.9,116487.9,117376.4,117376.4
2025-02-02,110619.8,107873.7,120036.9,116311.8,120952.5,117198.9
2025-02-03,114905.2,103050.2,124563.4,109116.4,125513.5,109948.7
2025-02-04,114905.2,114905.2,124563.4,124563.4,125513.5,125513.5
2025-02-05,114905.2,114905.2,124563.4,124563.4,125513.5,125513.5
2025-02-06,114905.2,114905.2,124563.4,124563.4,125513.5,125513.5
2025-02-07,114905.2,114905.2,124563.4,124563.4,125513.5,125513.5
2025-02-08,114905.2,114905.2,124563.4,124563.4,125513.5,125513.5
2025-02-09,114905.2,114905.2,124563.4,124563.4,125513.5,125513.5
2025-02-10,114905.2,114905.2,124563.4,124563.4,125513.5,125513.5
2025-02-11,114905.2,114905.2,124563.4,124563.4,125513.5,125513.5
2025-02-12,114905.2,114905.2,124563.4,124563.4,125513.5,125513.5
2025-02-13,114905.2,114905.2,124563.4,124563.4,125513.5,125513.5
2025-02-14,114905.2,114905.2,124563.4,124563.4,125513.5,125513.5
2025-02-15,114905.2,114905.2,124563.4,124563.4,125513.5,125513.5
2025-02-16,114905.2,114905.2,124563.4,124563.4,125513.5,125513.5
2025-02-17,114905.2,114905.2,124563.4,124563.4,125513.5,125513.5
2025-02-18,114905.2,114905.2,124563.4,124563.4,125513.5,125513.5
2025-02-19,114905.2,114905.2,124563.4,124563.4,125513.5,125513.5
2025-02-20,114905.2,114905.2,124563.4,124563.4,125513.5,125513.5
2025-02-21,114905.2,114905.2,124563.4,124563.4,125513.5,125513.5
2025-02-22,114905.2,114905.2,124563.4,124563.4,125513.5,125513.5
2025-02-23,114905.2,114905.2,124563.4,124563.4,125513.5,125513.5
2025-02-24,115052.7,114765.9,124726.4,124415.5,125677.7,125364.4
2025-02-25,116550.2,114215.3,126658.7,123632.9,127624.8,124575.8
2025-02-26,116626.3,116477.7,126918.6,126620.9,127886.6,127586.6
2025-02-27,116476.0,116451.0,126701.6,126614.5,127667.9,127580.2
2025-02-28,116699.5,116288.1,126912.6,126363.9,127880.5,127327.7
2025-03-01,116585.7,116501.3,126837.5,126674.5,127804.8,127640.7
2025-03-02,117735.3,116512.6,128185.0,126713.8,129162.6,127680.2
2025-03-03,115557.3,115527.2,125365.6,125331.0,126321.8,126286.9
2025-03-04,117279.7,113978.9,127517.5,123075.1,128490.2,124013.8
2025-03-05,117640.5,116939.0,128168.0,127113.7,129145.6,128083.2
2025-03-06,116984.6,116815.9,127245.0,127019.0,128215.6,127987.9
2025-03-07,116808.7,116590.8,126962.7,126625.9,127931.1,127591.8
2025-03-08,116438.5,116351.8,126383.4,126211.3,127347.5,127174.1
2025-03-09,115902.5,115699.9,125454.1,125192.1,126411.1,126147.1
2025-03-10,115794.9,115762.1,125661.3,125128.1,126619.9,126082.6
2025-03-11,115637.3,115531.9,125315.1,125171.9,126271.1,126126.8
2025-03-12,115637.3,115637.3,125315.1,125315.1,126271.1,126271.1
2025-03-13,115637.3,115637.3,125315.1,125315.1,126271.1,126271.1
2025-03-14,115637.3,115637.3,125315.1,125315.1,126271.1,126271.1
2025-03-15,115637.3,115637.3,125315.1,125315.1,126271.1,126271.1
2025-03-16,115637.3,115637.3,125315.1,125315.1,126271.1,126271.1
2025-03-17,115637.3,115637.3,125315.1,125315.1,126271.1,126271.1
2025-03-18,115637.3,115637.3,125315.1,125315.1,126271.1,126271.1
2025-03-19,115637.3,115637.3,125315.1,125315.1,126271.1,126271.1
2025-03-20,115637.3,115637.3,125315.1,125315.1,126271.1,126271.1
2025-03-21,115637.3,115637.3,125315.1,125315.1,126271.1,126271.1
2025-03-22,115637.3,115637.3,125315.1,125315.1,126271.1,126271.1
2025-03-23,115637.3,115637.3,125315.1,125315.1,126271.1,126271.1
2025-03-24,115637.3,115637.3,125315.1,125315.1,126271.1,126271.1
2025-03-25,115637.3,115637.3,125315.1,125315.1,126271.1,126271.1
2025-03-26,115637.3,115637.3,125315.1,125315.1,126271.1,126271.1
2025-03-27,115637.3,115637.3,125315.1,125315.1,126271.1,126271.1
2025-03-28,115637.3,115637.3,125315.1,125315.1,126271.1,126271.1
2025-03-29,115637.3,115637.3,125315.1,125315.1,126271.1,126271.1
2025-03-30,115637.3,115637.3,125315.1,125315.1,126271.1,126271.1
2025-03-31,115637.3,115637.3,125315.1,125315.1,126271.1,126271.1
2025-04-01,115637.3,115637.3,125315.1,125315.1,126271.1,126271.1
2025-04-02,115637.3,115637.3,125315.1,125315.1,126271.1,126271.1
2025-04-03,115637.3,115637.3,125315.1,125315.1,126271.1,126271.1
2025-04-04,115637.3,115637.3,125315.1,125315.1,126271.1,126271.1
2025-04-05,115637.3,115637.3,125315.1,125315.1,126271.1,126271.1
2025-04-06,115637.3,115637.3,125315.1,125315.1,126271.1,126271.1
2025-04-07,117730.1,114580.4,128269.0,123949.7,129247.4,124895.3
2025-04-08,117040.7,117000.2,127519.8,127476.0,128492.6,128448.4
2025-04-09,118128.0,117039.8,128699.7,127518.9,129681.4,128491.7
2025-04-10,117938.0,117856.3,128493.0,128404.2,129473.2,129383.6
2025-04-11,117862.8,117862.8,128411.2,128411.2,129390.7,129390.7
2025-04-12,117893.7,117717.7,128444.8,128253.4,129424.6,129231.7
2025-04-13,118014.5,117760.9,128576.2,128300.4,129557.0,129279.1
2025-04-14,118169.6,117980.1,128757.6,128538.7,129739.7,129519.2
2025-04-15,118169.6,118169.6,128757.6,128757.6,129739.7,129739.7
2025-04-16,118169.6,118169.6,128757.6,128757.6,129739.7,129739.7
2025-04-17,118169.6,118169.6,128757.6,128757.6,129739.7,129739.7
2025-04-18,118169.6,118169.6,128757.6,128757.6,129739.7,129739.7
2025-04-19,118169.6,118169.6,128757.6,128757.6,129739.7,129739.7
2025-04-20,118169.6,118169.6,128757.6,128757.6,129739.7,129739.7
2025-04-21,118169.6,118169.6,128757.6,128757.6,129739.7,129739.7
2025-04-22,118169.6,118169.6,128757.6,128757.6,129739.7,129739.7
2025-04-23,118169.6,118169.6,128757.6,128757.6,129739.7,129739.7
2025-04-24,118169.6,118169.6,128757.6,128757.6,129739.7,129739.7
2025-04-25,118169.6,118169.6,128757.6,128757.6,129739.7,129739.7
2025-04-26,118169.6,118169.6,128757.6,128757.6,129739.7,129739.7
2025-04-27,118169.6,118169.6,128757.6,128757.6,129739.7,129739.7
2025-04-28,118169.6,118169.6,128757.6,128757.6,129739.7,129739.7
2025-04-29,118169.6,118169.6,128757.6,128757.6,129739.7,129739.7
2025-04-30,118169.6,118169.6,128757.6,128757.6,129739.7,129739.7
2025-05-01,118169.6,118169.6,128757.6,128757.6,129739.7,129739.7
2025-05-02,118169.6,118169.6,128757.6,128757.6,129739.7,129739.7
2025-05-03,118169.6,118169.6,128757.6,128757.6,129739.7,129739.7
2025-05-04,118169.6,118169.6,128757.6,128757.6,129739.7,129739.7
2025-05-05,118169.6,118169.6,128757.6,128757.6,129739.7,129739.7
2025-05-06,118169.6,118169.6,128757.6,128757.6,129739.7,129739.7
2025-05-07,118169.6,118169.6,128757.6,128757.6,129739.7,129739.7
2025-05-08,118169.6,118169.6,128757.6,128757.6,129739.7,129739.7
2025-05-09,118169.6,118169.6,128757.6,128757.6,129739.7,129739.7
2025-05-10,118169.6,118169.6,128757.6,128757.6,129739.7,129739.7
2025-05-11,118169.6,118169.6,128757.6,128757.6,129739.7,129739.7
2025-05-12,118169.6,118169.6,128757.6,128757.6,129739.7,129739.7
2025-05-13,118169.6,118169.6,128757.6,128757.6,129739.7,129739.7
2025-05-14,118169.6,118169.6,128757.6,128757.6,129739.7,129739.7
2025-05-15,118169.6,118169.6,128757.6,128757.6,129739.7,129739.7
2025-05-16,118169.6,118169.6,128757.6,128757.6,129739.7,129739.7
2025-05-17,118169.6,118169.6,128757.6,128757.6,129739.7,129739.7
2025-05-18,118169.6,118169.6,128757.6,128757.6,129739.7,129739.7
2025-05-19,118169.6,118169.6,128757.6,128757.6,129739.7,129739.7
2025-05-20,118169.6,118169.6,128757.6,128757.6,129739.7,129739.7
2025-05-21,118169.6,118169.6,128757.6,128757.6,129739.7,129739.7
2025-05-22,118169.6,118169.6,128757.6,128757.6,129739.7,129739.7
2025-05-23,118169.6,118169.6,128757.6,128757.6,129739.7,129739.7
2025-05-24,118169.6,118169.6,128757.6,128757.6,129739.7,129739.7
2025-05-25,118169.6,118169.6,128757.6,128757.6,129739.7,129739.7
2025-05-26,118169.6,118169.6,128757.6,128757.6,129739.7,129739.7
2025-05-27,118169.6,118169.6,128757.6,128757.6,129739.7,129739.7
2025-05-28,118169.6,118169.6,128757.6,128757.6,129739.7,129739.7
2025-05-29,118169.6,118169.6,128757.6,128757.6,129739.7,129739.7
2025-05-30,118169.6,118169.6,128757.6,128757.6,129739.7,129739.7
2025-05-31,118169.6,118169.6,128757.6,128757.6,129739.7,129739.7
2025-06-01,118169.6,118169.6,128757.6,128757.6,129739.7,129739.7
2025-06-02,118169.6,118169.6,128757.6,128757.6,129739.7,129739.7
2025-06-03,118169.6,118169.6,128757.6,128757.6,129739.7,129739.7
2025-06-04,118169.6,118169.6,128757.6,128757.6,129739.7,129739.7
2025-06-05,118169.6,118169.6,128757.6,128757.6,129739.7,129739.7
2025-06-06,118169.6,118169.6,128757.6,128757.6,129739.7,129739.7
2025-06-07,118169.6,118169.6,128757.6,128757.6,129739.7,129739.7
2025-06-08,118169.6,118169.6,128757.6,128757.6,129739.7,129739.7
2025-06-09,118169.6,118169.6,128757.6,128757.6,129739.7,129739.7
2025-06-10,118169.6,118169.6,128757.6,128757.6,129739.7,129739.7
2025-06-11,118169.6,118169.6,128757.6,128757.6,129739.7,129739.7
2025-06-12,118169.6,118169.6,128757.6,128757.6,129739.7,129739.7
2025-06-13,118243.8,117048.6,128831.0,127490.0,129813.8,128462.5
2025-06-14,118560.7,117916.0,129376.7,128509.1,130363.6,129489.4
2025-06-15,118530.2,118405.0,129343.4,129207.0,130330.1,130192.6
2025-06-16,118319.9,118302.7,129114.3,129095.5,130099.2,130080.3
2025-06-17,118278.3,118150.9,129068.9,128930.1,130053.4,129913.6
2025-06-18,118454.0,118151.2,129260.4,128930.4,130246.4,129913.9
2025-06-19,118172.8,118101.7,128954.0,128876.6,129937.7,129859.6
2025-06-20,118302.2,118133.2,129095.0,128910.9,130079.7,129894.2
2025-06-21,118375.3,118293.7,129164.9,129079.8,130150.1,130064.4
2025-06-22,118476.0,118092.9,129630.1,128788.1,130618.9,129770.5
2025-06-23,118517.9,118480.8,129675.9,129635.3,130665.0,130624.1
2025-06-24,118517.9,118517.9,129675.9,129675.9,130665.0,130665.0
2025-06-25,118517.9,118517.9,129675.9,129675.9,130665.0,130665.0
2025-06-26,118517.9,118517.9,129675.9,129675.9,130665.0,130665.0
2025-06-27,118517.9,118517.9,129675.9,129675.9,130665.0,130665.0
2025-06-28,118517.9,118517.9,129675.9,129675.9,130665.0,130665.0
2025-06-29,118517.9,118517.9,129675.9,129675.9,130665.0,130665.0
2025-06-30,118517.9,118517.9,129675.9,129675.9,130665.0,130665.0
2025-07-01,118517.9,118517.9,129675.9,129675.9,130665.0,130665.0
2025-07-02,118517.9,118517.9,129675.9,129675.9,130665.0,130665.0
2025-07-03,118517.9,118517.9,129675.9,129675.9,130665.0,130665.0
2025-07-04,118517.9,118517.9,129675.9,129675.9,130665.0,130665.0
2025-07-05,118517.9,118517.9,129675.9,129675.9,130665.0,130665.0
2025-07-06,118517.9,118517.9,129675.9,129675.9,130665.0,130665.0
2025-07-07,118517.9,118517.9,129675.9,129675.9,130665.0,130665.0
2025-07-08,118517.9,118517.9,129675.9,129675.9,130665.0,130665.0
2025-07-09,118517.9,118517.9,129675.9,129675.9,130665.0,130665.0
2025-07-10,118517.9,118517.9,129675.9,129675.9,130665.0,130665.0
2025-07-11,118517.9,118517.9,129675.9,129675.9,130665.0,130665.0
2025-07-12,118517.9,118517.9,129675.9,129675.9,130665.0,130665.0
2025-07-13,118517.9,118517.9,129675.9,129675.9,130665.0,130665.0
2025-07-14,118517.9,118517.9,129675.9,129675.9,130665.0,130665.0
2025-07-15,118517.9,118517.9,129675.9,129675.9,130665.0,130665.0
2025-07-16,118517.9,118517.9,129675.9,129675.9,130665.0,130665.0
2025-07-17,118517.9,118517.9,129675.9,129675.9,130665.0,130665.0
2025-07-18,118517.9,118517.9,129675.9,129675.9,130665.0,130665.0
2025-07-19,118517.9,118517.9,129675.9,129675.9,130665.0,130665.0
2025-07-20,118517.9,118517.9,129675.9,129675.9,130665.0,130665.0
2025-07-21,118517.9,118517.9,129675.9,129675.9,130665.0,130665.0
2025-07-22,118517.9,118517.9,129675.9,129675.9,130665.0,130665.0
2025-07-23,118517.9,118517.9,129675.9,129675.9,130665.0,130665.0
2025-07-24,118517.9,118517.9,129675.9,129675.9,130665.0,130665.0
2025-07-25,118517.9,118517.9,129675.9,129675.9,130665.0,130665.0
2025-07-26,118517.9,118517.9,129675.9,129675.9,130665.0,130665.0
2025-07-27,118517.9,118517.9,129675.9,129675.9,130665.0,130665.0
2025-07-28,118517.9,118517.9,129675.9,129675.9,130665.0,130665.0
2025-07-29,118517.9,118517.9,129675.9,129675.9,130665.0,130665.0
2025-07-30,118517.9,118517.9,129675.9,129675.9,130665.0,130665.0
2025-07-31,118517.9,118517.9,129675.9,129675.9,130665.0,130665.0
2025-08-01,118517.9,118517.9,129675.9,129675.9,130665.0,130665.0
2025-08-02,118517.9,118517.9,129675.9,129675.9,130665.0,130665.0
2025-08-03,118517.9,118517.9,129675.9,129675.9,130665.0,130665.0
2025-08-04,118517.9,118517.9,129675.9,129675.9,130665.0,130665.0
2025-08-05,118517.9,118517.9,129675.9,129675.9,130665.0,130665.0
2025-08-06,118517.9,118517.9,129675.9,129675.9,130665.0,130665.0
2025-08-07,118517.9,118517.9,129675.9,129675.9,130665.0,130665.0
2025-08-08,118517.9,118517.9,129675.9,129675.9,130665.0,130665.0
2025-08-09,118517.9,118517.9,129675.9,129675.9,130665.0,130665.0
2025-08-10,118517.9,118517.9,129675.9,129675.9,130665.0,130665.0
2025-08-11,118517.9,118517.9,129675.9,129675.9,130665.0,130665.0
2025-08-12,118517.9,118517.9,129675.9,129675.9,130665.0,130665.0
2025-08-13,118517.9,118517.9,129675.9,129675.9,130665.0,130665.0
2025-08-14,119083.3,118517.9,130428.8,129675.9,131423.6,130665.0
2025-08-15,118806.8,118511.9,130018.8,129642.8,131010.4,130631.6
2025-08-16,119153.3,118671.9,130475.7,129835.3,131470.8,130825.6
2025-08-17,119245.0,119092.2,130471.0,130404.9,131466.1,131399.5
2025-08-18,119293.7,118945.1,130213.9,129877.0,131207.1,130867.5
2025-08-19,118888.1,118880.0,129378.5,129361.0,130365.2,130347.6
2025-08-20,119350.2,118839.5,130048.1,129311.2,131040.0,130297.4
2025-08-21,119141.6,119123.9,129781.7,129698.0,130771.5,130687.1
2025-08-22,119141.6,119141.6,129781.7,129781.7,130771.5,130771.5
2025-08-23,119141.6,119141.6,129781.7,129781.7,130771.5,130771.5
2025-08-24,119141.6,119141.6,129781.7,129781.7,130771.5,130771.5
2025-08-25,118832.2,118793.3,129444.7,129402.2,130431.9,130389.1
2025-08-26,118479.0,118472.5,129059.9,129052.8,130044.2,130037.1
2025-08-27,118234.6,118204.6,128793.6,128760.9,129775.9,129742.9
2025-08-28,118126.6,118055.2,128675.9,128598.1,129657.4,129578.9
2025-08-29,118047.0,117947.2,128589.2,128480.4,129570.0,129460.4
2025-08-30,117938.2,117892.0,128470.7,128420.3,129450.6,129399.8
2025-08-31,117854.6,117841.6,128379.6,128365.4,129358.8,129344.5
2025-09-01,117795.2,117717.4,128314.9,128230.1,129293.6,129208.1
2025-09-02,117795.2,117795.2,128314.9,128314.9,129293.6,129293.6
2025-09-03,117795.2,117795.2,128314.9,128314.9,129293.6,129293.6
2025-09-04,117795.2,117795.2,128314.9,128314.9,129293.6,129293.6
2025-09-05,117795.2,117795.2,128314.9,128314.9,129293.6,129293.6
2025-09-06,117795.2,117795.2,128314.9,128314.9,129293.6,129293.6
2025-09-07,117795.2,117795.2,128314.9,128314.9,129293.6,129293.6
2025-09-08,117795.2,117795.2,128314.9,128314.9,129293.6,129293.6
2025-09-09,117795.2,117795.2,128314.9,128314.9,129293.6,129293.6
2025-09-10,117795.2,117795.2,128314.9,128314.9,129293.6,129293.6
2025-09-11,118361.8,117707.5,129616.6,128276.3,130606.0,129255.3
2025-09-12,118702.4,117753.5,130616.9,129252.1,131613.0,130239.3
2025-09-13,119053.3,118676.3,130746.3,130492.6,131743.4,131487.7
2025-09-14,118777.5,118677.6,130573.8,130544.1,131569.6,131539.6
2025-09-15,118399.9,118291.5,130203.9,130169.8,131196.7,131162.4
2025-09-16,118815.9,118379.9,130346.8,130195.0,131340.8,131187.8
2025-09-17,118909.0,118739.2,130449.3,130263.0,131444.1,131256.3
2025-09-18,119014.7,118862.0,130568.5,130397.8,131564.2,131392.2
2025-09-19,119014.7,119014.7,130568.5,130568.5,131564.2,131564.2
2025-09-20,119014.7,119014.7,130568.5,130568.5,131564.2,131564.2
2025-09-21,119014.7,119014.7,130568.5,130568.5,131564.2,131564.2
2025-09-22,118053.2,117138.3,129118.4,128144.3,130103.2,129121.9
2025-09-23,118193.1,117086.8,129695.8,127872.7,130684.8,128848.1
2025-09-24,118531.8,117823.5,130330.1,129363.8,131323.9,130350.3
2025-09-25,117767.7,117671.1,129050.8,128926.4,130035.0,129909.6
2025-09-26,118040.6,117522.6,129364.9,128809.9,130351.5,129792.2
2025-09-27,118102.3,117831.1,129439.1,129031.9,130426.4,130016.0
2025-09-28,118211.6,117621.7,129907.2,129193.4,130898.1,130178.8
2025-09-29,118238.2,118051.8,129906.8,129681.8,130897.6,130670.9
2025-09-30,118238.2,118238.2,128567.2,128458.7,129547.9,129438.6
2025-10-01,118238.2,118238.2,127609.8,127534.5,128583.3,128507.4
2025-10-02,118238.2,118238.2,127554.4,127543.7,128527.4,128516.6
2025-10-03,119021.9,118238.2,128446.9,127527.7,129426.7,128500.5
2025-10-04,119074.7,119007.3,128411.9,128341.1,129391.5,129320.1
2025-10-05,119074.7,119074.7,128479.1,128372.3,129459.2,129351.6
2025-10-06,119074.7,119074.7,129129.3,128462.6,130114.4,129442.6
2025-10-07,119074.7,119074.7,128711.1,128626.0,129693.0,129607.2
2025-10-08,119074.7,119074.7,128711.1,128711.1,129692.9,129692.9
2025-10-09,119074.7,119074.7,128711.1,128711.1,129692.9,129692.9
2025-10-10,123281.2,101290.4,133490.5,107827.7,134506.4,108649.9
2025-10-11,125962.9,121824.5,135724.8,132091.6,136757.4,133096.2
2025-10-12,130660.7,125085.9,141867.3,134415.8,142946.8,135438.4
2025-10-13,131556.3,130442.6,143513.5,141559.2,144605.6,142636.3
2025-10-14,130654.1,129844.9,142470.1,141159.2,143554.3,142233.4
2025-10-15,130721.9,130437.4,142802.7,142206.9,143889.5,143289.2
2025-10-16,131556.1,129586.7,143948.2,141420.7,145044.1,142497.0
2025-10-17,131331.3,130657.4,143741.1,142872.1,144835.3,143959.7
2025-10-18,131620.1,131206.2,144017.7,143578.6,145114.1,144671.6
2025-10-19,132178.2,131312.4,144613.4,143691.5,145714.3,144785.4
2025-10-20,132228.4,132025.8,144661.1,144445.4,145762.3,145545.0
2025-10-21,132672.4,132231.7,145043.9,144658.7,146148.2,145759.9
2025-10-22,132607.4,132585.3,144918.5,144880.0,146021.8,145983.0
2025-10-23,132673.8,132598.0,144958.9,144908.8,146062.5,146012.0
2025-10-24,132673.8,132673.8,144958.9,144958.9,146062.5,146062.5
2025-10-25,132673.8,132673.8,144958.9,144958.9,146062.5,146062.5
2025-10-26,132673.8,132673.8,144958.9,144958.9,146062.5,146062.5
2025-10-27,132673.8,132673.8,144958.9,144958.9,146062.5,146062.5
2025-10-28,132673.8,132673.8,144958.9,144958.9,146062.5,146062.5
2025-10-29,132673.8,132673.8,144958.9,144958.9,146062.5,146062.5
2025-10-30,132673.8,132673.8,144958.9,144958.9,146062.5,146062.5
2025-10-31,132673.8,132673.8,144958.9,144958.9,146062.5,146062.5
2025-11-01,132673.8,132673.8,144958.9,144958.9,146062.5,146062.5
2025-11-02,132673.8,132673.8,144958.9,144958.9,146062.5,146062.5
2025-11-03,132545.9,132121.9,144927.2,144370.9,146030.8,145470.3
2025-11-04,132563.2,131498.5,144945.7,143615.6,146049.4,144709.2
2025-11-05,132585.7,131909.6,145315.9,143838.7,146422.5,144934.0
2025-11-06,132480.6,132009.8,145170.8,144626.1,146276.3,145727.6
2025-11-07,133219.4,132238.2,145980.1,144905.8,147091.7,146009.2
2025-11-08,132222.3,131959.9,144882.4,144593.8,145985.6,145694.9
2025-11-09,131431.5,131374.2,144013.7,143950.8,145110.4,145047.0
2025-11-10,131176.8,131176.8,143749.7,143741.4,144844.4,144836.0
2025-11-11,131176.8,131176.8,143749.7,143749.7,144844.4,144844.4
2025-11-12,131176.8,131176.8,143749.7,143749.7,144844.4,144844.4
2025-11-13,131176.8,131176.8,143749.7,143749.7,144844.4,144844.4
2025-11-14,131176.8,131176.8,143749.7,143749.7,144844.4,144844.4
2025-11-15,131176.8,131176.8,143749.7,143749.7,144844.4,144844.4
2025-11-16,131176.8,131176.8,143749.7,143749.7,144844.4,144844.4
2025-11-17,131176.8,131176.8,143749.7,143749.7,144844.4,144844.4
2025-11-18,131176.8,131176.8,143749.7,143749.7,144844.4,144844.4
2025-11-19,131176.8,131176.8,143749.7,143749.7,144844.4,144844.4
2025-11-20,131176.8,131176.8,143749.7,143749.7,144844.4,144844.4
2025-11-21,131437.3,131084.8,144458.0,143648.8,145558.2,144742.8
2025-11-22,131290.5,130520.9,144448.3,143448.8,145548.3,144541.2
2025-11-23,131642.0,131215.0,144659.7,144418.5,145761.3,145518.3
2025-11-24,131932.4,131438.9,145235.0,144513.0,146341.0,145613.5
2025-11-25,131750.0,131495.9,144863.2,144711.4,145966.4,145813.4
2025-11-26,131673.2,131373.7,144982.2,144592.0,146086.3,145693.1
2025-11-27,131869.1,131646.6,144951.1,144866.9,146055.0,145970.1
2025-11-28,131908.9,131787.8,144974.7,144902.0,146078.7,146005.5
