date,day_id,breadth_score_allcoin,n_valid_allcoin,breadth_score_top50,n_valid_top50,gate_allcoin_ma200,gate_top50_ma200
2021-07-01,18809,0.090909,110,0.140000,50,1.5727,1.5040
2021-07-02,18810,0.081818,110,0.120000,50,1.5855,1.5320
2021-07-03,18811,0.081818,110,0.120000,50,1.5855,1.5320
2021-07-04,18812,0.081818,110,0.120000,50,1.5855,1.5320
2021-07-05,18813,0.136364,110,0.240000,50,1.5091,1.3640
2021-07-06,18814,0.127273,110,0.200000,50,1.5218,1.4200
2021-07-07,18815,0.136364,110,0.200000,50,1.5091,1.4200
2021-07-08,18816,0.154545,110,0.220000,50,1.4836,1.3920
2021-07-09,18817,0.127273,110,0.180000,50,1.5218,1.4480
2021-07-10,18818,0.145455,110,0.220000,50,1.4964,1.3920
2021-07-11,18819,0.117117,111,0.160000,50,1.5360,1.4760
2021-07-12,18820,0.144144,111,0.220000,50,1.4982,1.3920
2021-07-13,18821,0.090090,111,0.120000,50,1.5739,1.5320
2021-07-14,18822,0.090090,111,0.120000,50,1.5739,1.5320
2021-07-15,18823,0.099099,111,0.120000,50,1.5613,1.5320
2021-07-16,18824,0.099099,111,0.120000,50,1.5613,1.5320
2021-07-17,18825,0.090090,111,0.100000,50,1.5739,1.5600
2021-07-18,18826,0.099099,111,0.120000,50,1.5613,1.5320
2021-07-19,18827,0.099099,111,0.120000,50,1.5613,1.5320
2021-07-20,18828,0.072072,111,0.060000,50,1.5991,1.6160
2021-07-21,18829,0.063063,111,0.060000,50,1.6117,1.6160
2021-07-22,18830,0.080357,112,0.080000,50,1.5875,1.5880
2021-07-23,18831,0.098214,112,0.100000,50,1.5625,1.5600
2021-07-24,18832,0.116071,112,0.120000,50,1.5375,1.5320
2021-07-25,18833,0.133929,112,0.140000,50,1.5125,1.5040
2021-07-26,18834,0.133929,112,0.140000,50,1.5125,1.5040
2021-07-27,18835,0.125000,112,0.140000,50,1.5250,1.5040
2021-07-28,18836,0.142857,112,0.160000,50,1.5000,1.4760
2021-07-29,18837,0.151786,112,0.160000,50,1.4875,1.4760
2021-07-30,18838,0.160714,112,0.180000,50,1.4750,1.4480
2021-07-31,18839,0.178571,112,0.200000,50,1.4500,1.4200
2021-08-01,18840,0.187500,112,0.200000,50,1.4375,1.4200
2021-08-02,18841,0.196429,112,0.200000,50,1.4250,1.4200
2021-08-03,18842,0.196429,112,0.200000,50,1.4250,1.4200
2021-08-04,18843,0.187500,112,0.180000,50,1.4375,1.4480
2021-08-05,18844,0.214286,112,0.240000,50,1.4000,1.3640
2021-08-06,18845,0.214286,112,0.240000,50,1.4000,1.3640
2021-08-07,18846,0.232143,112,0.280000,50,1.3750,1.3080
2021-08-08,18847,0.258929,112,0.300000,50,1.3375,1.2800
2021-08-09,18848,0.258929,112,0.300000,50,1.3375,1.2800
2021-08-10,18849,0.294643,112,0.320000,50,1.2875,1.2520
2021-08-11,18850,0.312500,112,0.340000,50,1.2625,1.2240
2021-08-12,18851,0.401786,112,0.440000,50,1.1375,1.0840
2021-08-13,18852,0.330357,112,0.300000,50,1.2375,1.2800
2021-08-14,18853,0.437500,112,0.480000,50,1.0875,1.0280
2021-08-15,18854,0.464286,112,0.480000,50,1.0500,1.0280
2021-08-16,18855,0.473214,112,0.500000,50,1.0375,1.0000
2021-08-17,18856,0.517857,112,0.580000,50,1.0000,1.0000
2021-08-18,18857,0.348214,112,0.340000,50,1.2125,1.2240
2021-08-19,18858,0.339286,112,0.320000,50,1.2250,1.2520
2021-08-20,18859,0.473214,112,0.520000,50,1.0375,1.0000
2021-08-21,18860,0.598214,112,0.660000,50,1.0000,1.0000
2021-08-22,18861,0.607143,112,0.640000,50,1.0000,1.0000
2021-08-23,18862,0.589286,112,0.640000,50,1.0000,1.0000
2021-08-24,18863,0.696429,112,0.800000,50,1.0000,1.0000
2021-08-25,18864,0.553571,112,0.600000,50,1.0000,1.0000
2021-08-26,18865,0.598214,112,0.660000,50,1.0000,1.0000
2021-08-27,18866,0.473214,112,0.520000,50,1.0375,1.0000
2021-08-28,18867,0.562500,112,0.600000,50,1.0000,1.0000
2021-08-29,18868,0.535714,112,0.560000,50,1.0000,1.0000
2021-08-30,18869,0.535714,112,0.580000,50,1.0000,1.0000
2021-08-31,18870,0.562500,112,0.600000,50,1.0000,1.0000
2021-09-01,18871,0.553571,112,0.580000,50,1.0000,1.0000
2021-09-02,18872,0.651786,112,0.740000,50,1.0000,1.0000
2021-09-03,18873,0.678571,112,0.760000,50,1.0000,1.0000
2021-09-04,18874,0.732143,112,0.780000,50,1.0000,1.0000
2021-09-05,18875,0.803571,112,0.860000,50,1.0000,1.0000
2021-09-06,18876,0.857143,112,0.900000,50,1.0000,1.0000
2021-09-07,18877,0.875000,112,0.920000,50,1.0000,1.0000
2021-09-08,18878,0.392857,112,0.460000,50,1.1500,1.0560
2021-09-09,18879,0.410714,112,0.480000,50,1.1250,1.0280
2021-09-10,18880,0.500000,112,0.540000,50,1.0000,1.0000
2021-09-11,18881,0.389381,113,0.400000,50,1.1549,1.1400
2021-09-12,18882,0.415929,113,0.440000,50,1.1177,1.0840
2021-09-13,18883,0.415929,113,0.440000,50,1.1177,1.0840
2021-09-14,18884,0.389381,113,0.420000,50,1.1549,1.1120
2021-09-15,18885,0.451327,113,0.520000,50,1.0681,1.0000
2021-09-16,18886,0.530973,113,0.620000,50,1.0000,1.0000
2021-09-17,18887,0.504425,113,0.580000,50,1.0000,1.0000
2021-09-18,18888,0.447368,114,0.480000,50,1.0737,1.0280
2021-09-19,18889,0.469565,115,0.520000,50,1.0426,1.0000
2021-09-20,18890,0.426087,115,0.440000,50,1.1035,1.0840
2021-09-21,18891,0.278261,115,0.220000,50,1.3104,1.3920
2021-09-22,18892,0.234783,115,0.220000,50,1.3713,1.3920
2021-09-23,18893,0.327586,116,0.280000,50,1.2414,1.3080
2021-09-24,18894,0.344828,116,0.300000,50,1.2172,1.2800
2021-09-25,18895,0.284483,116,0.240000,50,1.3017,1.3640
2021-09-26,18896,0.256410,117,0.240000,50,1.3410,1.3640
2021-09-27,18897,0.264957,117,0.240000,50,1.3291,1.3640
2021-09-28,18898,0.256410,117,0.240000,50,1.3410,1.3640
2021-09-29,18899,0.222222,117,0.200000,50,1.3889,1.4200
2021-09-30,18900,0.211864,118,0.200000,50,1.4034,1.4200
2021-10-01,18901,0.254237,118,0.220000,50,1.3441,1.3920
2021-10-02,18902,0.355932,118,0.360000,50,1.2017,1.1960
2021-10-03,18903,0.398305,118,0.400000,50,1.1424,1.1400
2021-10-04,18904,0.381356,118,0.380000,50,1.1661,1.1680
2021-10-05,18905,0.364407,118,0.340000,50,1.1898,1.2240
2021-10-06,18906,0.398305,118,0.380000,50,1.1424,1.1680
2021-10-07,18907,0.406780,118,0.380000,50,1.1305,1.1680
2021-10-08,18908,0.398305,118,0.380000,50,1.1424,1.1680
2021-10-09,18909,0.389831,118,0.380000,50,1.1542,1.1680
2021-10-10,18910,0.420168,119,0.420000,50,1.1118,1.1120
2021-10-11,18911,0.369748,119,0.360000,50,1.1824,1.1960
2021-10-12,18912,0.352941,119,0.340000,50,1.2059,1.2240
2021-10-13,18913,0.369748,119,0.380000,50,1.1824,1.1680
2021-10-14,18914,0.378151,119,0.360000,50,1.1706,1.1960
2021-10-15,18915,0.403361,119,0.380000,50,1.1353,1.1680
2021-10-16,18916,0.428571,119,0.380000,50,1.1000,1.1680
2021-10-17,18917,0.475000,120,0.420000,50,1.0350,1.1120
2021-10-18,18918,0.438017,121,0.400000,50,1.0868,1.1400
2021-10-19,18919,0.438017,121,0.380000,50,1.0868,1.1680
2021-10-20,18920,0.446281,121,0.380000,50,1.0752,1.1680
2021-10-21,18921,0.545455,121,0.500000,50,1.0000,1.0000
2021-10-22,18922,0.570248,121,0.540000,50,1.0000,1.0000
2021-10-23,18923,0.545455,121,0.520000,50,1.0000,1.0000
2021-10-24,18924,0.561983,121,0.540000,50,1.0000,1.0000
2021-10-25,18925,0.545455,121,0.520000,50,1.0000,1.0000
2021-10-26,18926,0.603306,121,0.600000,50,1.0000,1.0000
2021-10-27,18927,0.639344,122,0.620000,50,1.0000,1.0000
2021-10-28,18928,0.439024,123,0.380000,50,1.0854,1.1680
2021-10-29,18929,0.528455,123,0.480000,50,1.0000,1.0280
2021-10-30,18930,0.609756,123,0.560000,50,1.0000,1.0000
2021-10-31,18931,0.650407,123,0.580000,50,1.0000,1.0000
2021-11-01,18932,0.699187,123,0.620000,50,1.0000,1.0000
2021-11-02,18933,0.723577,123,0.640000,50,1.0000,1.0000
2021-11-03,18934,0.813008,123,0.700000,50,1.0000,1.0000
2021-11-04,18935,0.837398,123,0.740000,50,1.0000,1.0000
2021-11-05,18936,0.804878,123,0.700000,50,1.0000,1.0000
2021-11-06,18937,0.796748,123,0.700000,50,1.0000,1.0000
2021-11-07,18938,0.780488,123,0.680000,50,1.0000,1.0000
2021-11-08,18939,0.813008,123,0.680000,50,1.0000,1.0000
2021-11-09,18940,0.853659,123,0.780000,50,1.0000,1.0000
2021-11-10,18941,0.886179,123,0.860000,50,1.0000,1.0000
2021-11-11,18942,0.693548,124,0.660000,50,1.0000,1.0000
2021-11-12,18943,0.806452,124,0.740000,50,1.0000,1.0000
2021-11-13,18944,0.758065,124,0.720000,50,1.0000,1.0000
2021-11-14,18945,0.830645,124,0.780000,50,1.0000,1.0000
2021-11-15,18946,0.806452,124,0.720000,50,1.0000,1.0000
2021-11-16,18947,0.798387,124,0.700000,50,1.0000,1.0000
2021-11-17,18948,0.653226,124,0.560000,50,1.0000,1.0000
2021-11-18,18949,0.624000,125,0.520000,50,1.0000,1.0000
2021-11-19,18950,0.552000,125,0.480000,50,1.0000,1.0280
2021-11-20,18951,0.611111,126,0.520000,50,1.0000,1.0000
2021-11-21,18952,0.642857,126,0.580000,50,1.0000,1.0000
2021-11-22,18953,0.674603,126,0.600000,50,1.0000,1.0000
2021-11-23,18954,0.619048,126,0.540000,50,1.0000,1.0000
2021-11-24,18955,0.666667,126,0.580000,50,1.0000,1.0000
2021-11-25,18956,0.645669,127,0.540000,50,1.0000,1.0000
2021-11-26,18957,0.724409,127,0.680000,50,1.0000,1.0000
2021-11-27,18958,0.590551,127,0.520000,50,1.0000,1.0000
2021-11-28,18959,0.653543,127,0.520000,50,1.0000,1.0000
2021-11-29,18960,0.637795,127,0.520000,50,1.0000,1.0000
2021-11-30,18961,0.700787,127,0.600000,50,1.0000,1.0000
2021-12-01,18962,0.716535,127,0.640000,50,1.0000,1.0000
2021-12-02,18963,0.677165,127,0.580000,50,1.0000,1.0000
2021-12-03,18964,0.708661,127,0.620000,50,1.0000,1.0000
2021-12-04,18965,0.614173,127,0.540000,50,1.0000,1.0000
2021-12-05,18966,0.377953,127,0.360000,50,1.1709,1.1960
2021-12-06,18967,0.283465,127,0.300000,50,1.3031,1.2800
2021-12-07,18968,0.322835,127,0.340000,50,1.2480,1.2240
2021-12-08,18969,0.370079,127,0.360000,50,1.1819,1.1960
2021-12-09,18970,0.385827,127,0.400000,50,1.1598,1.1400
2021-12-10,18971,0.307087,127,0.340000,50,1.2701,1.2240
2021-12-11,18972,0.289062,128,0.320000,50,1.2953,1.2520
2021-12-12,18973,0.296875,128,0.320000,50,1.2844,1.2520
2021-12-13,18974,0.320312,128,0.320000,50,1.2516,1.2520
2021-12-14,18975,0.218750,128,0.240000,50,1.3938,1.3640
2021-12-15,18976,0.265625,128,0.280000,50,1.3281,1.3080
2021-12-16,18977,0.265625,128,0.280000,50,1.3281,1.3080
2021-12-17,18978,0.273438,128,0.280000,50,1.3172,1.3080
2021-12-18,18979,0.242188,128,0.220000,50,1.3609,1.3920
2021-12-19,18980,0.257812,128,0.240000,50,1.3391,1.3640
2021-12-20,18981,0.251969,127,0.220000,50,1.3472,1.3920
2021-12-21,18982,0.244094,127,0.260000,50,1.3583,1.3360
2021-12-22,18983,0.283465,127,0.300000,50,1.3031,1.2800
2021-12-23,18984,0.299213,127,0.300000,50,1.2811,1.2800
2021-12-24,18985,0.362205,127,0.320000,50,1.1929,1.2520
2021-12-25,18986,0.330709,127,0.320000,50,1.2370,1.2520
2021-12-26,18987,0.346457,127,0.320000,50,1.2150,1.2520
2021-12-27,18988,0.385827,127,0.340000,50,1.1598,1.2240
2021-12-28,18989,0.401575,127,0.340000,50,1.1378,1.2240
2021-12-29,18990,0.299213,127,0.300000,50,1.2811,1.2800
2021-12-30,18991,0.289062,128,0.300000,50,1.2953,1.2800
2021-12-31,18992,0.304688,128,0.320000,50,1.2734,1.2520
2022-01-01,18993,0.296875,128,0.300000,50,1.2844,1.2800
2022-01-02,18994,0.328125,128,0.340000,50,1.2406,1.2240
2022-01-03,18995,0.335938,128,0.320000,50,1.2297,1.2520
2022-01-04,18996,0.328125,128,0.340000,50,1.2406,1.2240
2022-01-05,18997,0.359375,128,0.340000,50,1.1969,1.2240
2022-01-06,18998,0.257812,128,0.300000,50,1.3391,1.2800
2022-01-07,18999,0.265625,128,0.320000,50,1.3281,1.2520
2022-01-08,19000,0.210938,128,0.240000,50,1.4047,1.3640
2022-01-09,19001,0.179688,128,0.220000,50,1.4484,1.3920
2022-01-10,19002,0.187500,128,0.220000,50,1.4375,1.3920
2022-01-11,19003,0.171875,128,0.200000,50,1.4594,1.4200
2022-01-12,19004,0.187500,128,0.240000,50,1.4375,1.3640
2022-01-13,19005,0.226562,128,0.280000,50,1.3828,1.3080
2022-01-14,19006,0.179688,128,0.220000,50,1.4484,1.3920
2022-01-15,19007,0.203125,128,0.240000,50,1.4156,1.3640
2022-01-16,19008,0.218750,128,0.260000,50,1.3938,1.3360
2022-01-17,19009,0.226562,128,0.280000,50,1.3828,1.3080
2022-01-18,19010,0.187500,128,0.180000,50,1.4375,1.4480
2022-01-19,19011,0.195312,128,0.220000,50,1.4266,1.3920
2022-01-20,19012,0.179688,128,0.180000,50,1.4484,1.4480
2022-01-21,19013,0.156250,128,0.140000,50,1.4812,1.5040
2022-01-22,19014,0.085938,128,0.080000,50,1.5797,1.5880
2022-01-23,19015,0.062016,129,0.040000,50,1.6132,1.6440
2022-01-24,19016,0.062016,129,0.040000,50,1.6132,1.6440
2022-01-25,19017,0.046512,129,0.040000,50,1.6349,1.6440
2022-01-26,19018,0.061538,130,0.080000,50,1.6138,1.5880
2022-01-27,19019,0.054264,129,0.040000,50,1.6240,1.6440
2022-01-28,19020,0.062016,129,0.060000,50,1.6132,1.6160
2022-01-29,19021,0.077519,129,0.100000,50,1.5915,1.5600
2022-01-30,19022,0.084615,130,0.100000,50,1.5815,1.5600
2022-01-31,19023,0.061538,130,0.060000,50,1.6138,1.6160
2022-02-01,19024,0.076923,130,0.080000,50,1.5923,1.5880
2022-02-02,19025,0.084615,130,0.100000,50,1.5815,1.5600
2022-02-03,19026,0.053846,130,0.060000,50,1.6246,1.6160
2022-02-04,19027,0.053846,130,0.060000,50,1.6246,1.6160
2022-02-05,19028,0.076923,130,0.100000,50,1.5923,1.5600
2022-02-06,19029,0.106870,131,0.120000,50,1.5504,1.5320
2022-02-07,19030,0.114504,131,0.100000,50,1.5397,1.5600
2022-02-08,19031,0.129771,131,0.120000,50,1.5183,1.5320
2022-02-09,19032,0.122137,131,0.100000,50,1.5290,1.5600
2022-02-10,19033,0.137405,131,0.120000,50,1.5076,1.5320
2022-02-11,19034,0.122137,131,0.100000,50,1.5290,1.5600
2022-02-12,19035,0.091603,131,0.080000,50,1.5718,1.5880
2022-02-13,19036,0.076336,131,0.060000,50,1.5931,1.6160
2022-02-14,19037,0.076336,131,0.060000,50,1.5931,1.6160
2022-02-15,19038,0.076336,131,0.060000,50,1.5931,1.6160
2022-02-16,19039,0.077519,129,0.080000,50,1.5915,1.5880
2022-02-17,19040,0.085271,129,0.080000,50,1.5806,1.5880
2022-02-18,19041,0.069767,129,0.060000,50,1.6023,1.6160
2022-02-19,19042,0.069767,129,0.060000,50,1.6023,1.6160
2022-02-20,19043,0.069767,129,0.060000,50,1.6023,1.6160
2022-02-21,19044,0.031008,129,0.040000,50,1.6566,1.6440
2022-02-22,19045,0.031008,129,0.020000,50,1.6566,1.6720
2022-02-23,19046,0.031008,129,0.020000,50,1.6566,1.6720
2022-02-24,19047,0.038760,129,0.040000,50,1.6457,1.6440
2022-02-25,19048,0.038760,129,0.040000,50,1.6457,1.6440
2022-02-26,19049,0.038760,129,0.040000,50,1.6457,1.6440
2022-02-27,19050,0.038760,129,0.040000,50,1.6457,1.6440
2022-02-28,19051,0.015873,126,0.020000,50,1.6778,1.6720
2022-03-01,19052,0.031746,126,0.040000,50,1.6556,1.6440
2022-03-02,19053,0.046512,129,0.060000,50,1.6349,1.6160
2022-03-03,19054,0.062016,129,0.080000,50,1.6132,1.5880
2022-03-04,19055,0.054264,129,0.080000,50,1.6240,1.5880
2022-03-05,19056,0.038760,129,0.060000,50,1.6457,1.6160
2022-03-06,19057,0.038760,129,0.060000,50,1.6457,1.6160
2022-03-07,19058,0.031008,129,0.040000,50,1.6566,1.6440
2022-03-08,19059,0.031008,129,0.020000,50,1.6566,1.6720
2022-03-09,19060,0.031008,129,0.020000,50,1.6566,1.6720
2022-03-10,19061,0.038760,129,0.040000,50,1.6457,1.6440
2022-03-11,19062,0.038760,129,0.040000,50,1.6457,1.6440
2022-03-12,19063,0.038462,130,0.060000,50,1.6462,1.6160
2022-03-13,19064,0.045802,131,0.060000,50,1.6359,1.6160
2022-03-14,19065,0.030534,131,0.040000,50,1.6573,1.6440
2022-03-15,19066,0.030534,131,0.040000,50,1.6573,1.6440
2022-03-16,19067,0.022901,131,0.020000,50,1.6679,1.6720
2022-03-17,19068,0.045802,131,0.060000,50,1.6359,1.6160
2022-03-18,19069,0.061069,131,0.080000,50,1.6145,1.5880
2022-03-19,19070,0.061069,131,0.100000,50,1.6145,1.5600
2022-03-20,19071,0.083969,131,0.100000,50,1.5824,1.5600
2022-03-21,19072,0.068702,131,0.100000,50,1.6038,1.5600
2022-03-22,19073,0.068702,131,0.100000,50,1.6038,1.5600
2022-03-23,19074,0.083969,131,0.120000,50,1.5824,1.5320
2022-03-24,19075,0.083333,132,0.120000,50,1.5833,1.5320
2022-03-25,19076,0.090909,132,0.120000,50,1.5727,1.5320
2022-03-26,19077,0.098485,132,0.120000,50,1.5621,1.5320
2022-03-27,19078,0.113636,132,0.120000,50,1.5409,1.5320
2022-03-28,19079,0.121212,132,0.120000,50,1.5303,1.5320
2022-03-29,19080,0.128788,132,0.140000,50,1.5197,1.5040
2022-03-30,19081,0.113636,132,0.140000,50,1.5409,1.5040
2022-03-31,19082,0.128788,132,0.140000,50,1.5197,1.5040
2022-04-01,19083,0.121212,132,0.160000,50,1.5303,1.4760
2022-04-02,19084,0.166667,132,0.240000,50,1.4667,1.3640
2022-04-03,19085,0.193798,129,0.300000,50,1.4287,1.2800
2022-04-04,19086,0.227273,132,0.360000,50,1.3818,1.1960
2022-04-05,19087,0.174242,132,0.280000,50,1.4561,1.3080
2022-04-06,19088,0.113636,132,0.160000,50,1.5409,1.4760
2022-04-07,19089,0.105263,133,0.160000,50,1.5526,1.4760
2022-04-08,19090,0.112782,133,0.180000,50,1.5421,1.4480
2022-04-09,19091,0.097744,133,0.180000,50,1.5632,1.4480
2022-04-10,19092,0.090226,133,0.160000,50,1.5737,1.4760
2022-04-11,19093,0.090226,133,0.160000,50,1.5737,1.4760
2022-04-12,19094,0.045113,133,0.060000,50,1.6368,1.6160
2022-04-13,19095,0.053030,132,0.060000,50,1.6258,1.6160
2022-04-14,19096,0.067669,133,0.080000,50,1.6053,1.5880
2022-04-15,19097,0.060150,133,0.080000,50,1.6158,1.5880
2022-04-16,19098,0.059701,134,0.080000,50,1.6164,1.5880
2022-04-17,19099,0.059701,134,0.080000,50,1.6164,1.5880
2022-04-18,19100,0.059701,134,0.080000,50,1.6164,1.5880
2022-04-19,19101,0.074627,134,0.100000,50,1.5955,1.5600
2022-04-20,19102,0.104478,134,0.120000,50,1.5537,1.5320
2022-04-21,19103,0.089552,134,0.120000,50,1.5746,1.5320
2022-04-22,19104,0.089552,134,0.140000,50,1.5746,1.5040
2022-04-23,19105,0.089552,134,0.140000,50,1.5746,1.5040
2022-04-24,19106,0.097015,134,0.140000,50,1.5642,1.5040
2022-04-25,19107,0.082090,134,0.120000,50,1.5851,1.5320
2022-04-26,19108,0.082090,134,0.120000,50,1.5851,1.5320
2022-04-27,19109,0.074627,134,0.100000,50,1.5955,1.5600
2022-04-28,19110,0.074627,134,0.100000,50,1.5955,1.5600
2022-04-29,19111,0.074627,134,0.100000,50,1.5955,1.5600
2022-04-30,19112,0.059701,134,0.060000,50,1.6164,1.6160
2022-05-01,19113,0.052239,134,0.080000,50,1.6269,1.5880
2022-05-02,19114,0.037313,134,0.040000,50,1.6478,1.6440
2022-05-03,19115,0.037313,134,0.020000,50,1.6478,1.6720
2022-05-04,19116,0.037313,134,0.040000,50,1.6478,1.6440
2022-05-05,19117,0.067164,134,0.100000,50,1.6060,1.5600
2022-05-06,19118,0.029851,134,0.020000,50,1.6582,1.6720
2022-05-07,19119,0.044776,134,0.060000,50,1.6373,1.6160
2022-05-08,19120,0.022222,135,0.040000,50,1.6689,1.6440
2022-05-09,19121,0.037037,135,0.060000,50,1.6481,1.6160
2022-05-10,19122,0.000000,135,0.000000,50,1.7000,1.7000
2022-05-11,19123,0.000000,135,0.000000,50,1.7000,1.7000
2022-05-12,19124,0.000000,135,0.000000,50,1.7000,1.7000
2022-05-13,19125,0.000000,135,0.000000,50,1.7000,1.7000
2022-05-14,19126,0.007519,133,0.020000,50,1.6895,1.6720
2022-05-15,19127,0.000000,134,0.000000,50,1.7000,1.7000
2022-05-16,19128,0.000000,134,0.000000,50,1.7000,1.7000
2022-05-17,19129,0.000000,134,0.000000,50,1.7000,1.7000
2022-05-18,19130,0.000000,134,0.000000,50,1.7000,1.7000
2022-05-19,19131,0.000000,134,0.000000,50,1.7000,1.7000
2022-05-20,19132,0.007407,135,0.020000,50,1.6896,1.6720
2022-05-21,19133,0.007407,135,0.020000,50,1.6896,1.6720
2022-05-22,19134,0.007407,135,0.020000,50,1.6896,1.6720
2022-05-23,19135,0.014815,135,0.040000,50,1.6793,1.6440
2022-05-24,19136,0.007407,135,0.020000,50,1.6896,1.6720
2022-05-25,19137,0.007407,135,0.020000,50,1.6896,1.6720
2022-05-26,19138,0.007407,135,0.020000,50,1.6896,1.6720
2022-05-27,19139,0.007407,135,0.020000,50,1.6896,1.6720
2022-05-28,19140,0.007519,133,0.020000,50,1.6895,1.6720
2022-05-29,19141,0.007463,134,0.020000,50,1.6896,1.6720
2022-05-30,19142,0.007463,134,0.020000,50,1.6896,1.6720
2022-05-31,19143,0.014925,134,0.040000,50,1.6791,1.6440
2022-06-01,19144,0.007463,134,0.020000,50,1.6896,1.6720
2022-06-02,19145,0.014925,134,0.040000,50,1.6791,1.6440
2022-06-03,19146,0.014925,134,0.040000,50,1.6791,1.6440
2022-06-04,19147,0.007407,135,0.020000,50,1.6896,1.6720
2022-06-05,19148,0.007407,135,0.020000,50,1.6896,1.6720
2022-06-06,19149,0.007407,135,0.020000,50,1.6896,1.6720
2022-06-07,19150,0.014815,135,0.020000,50,1.6793,1.6720
2022-06-08,19151,0.022222,135,0.020000,50,1.6689,1.6720
2022-06-09,19152,0.022222,135,0.020000,50,1.6689,1.6720
2022-06-10,19153,0.037037,135,0.020000,50,1.6481,1.6720
2022-06-11,19154,0.022222,135,0.020000,50,1.6689,1.6720
2022-06-12,19155,0.022222,135,0.020000,50,1.6689,1.6720
2022-06-13,19156,0.022222,135,0.020000,50,1.6689,1.6720
2022-06-14,19157,0.007407,135,0.000000,50,1.6896,1.7000
2022-06-15,19158,0.007407,135,0.000000,50,1.6896,1.7000
2022-06-16,19159,0.007407,135,0.000000,50,1.6896,1.7000
2022-06-17,19160,0.000000,135,0.000000,50,1.7000,1.7000
2022-06-18,19161,0.000000,135,0.000000,50,1.7000,1.7000
2022-06-19,19162,0.000000,134,0.000000,50,1.7000,1.7000
2022-06-20,19163,0.000000,134,0.000000,50,1.7000,1.7000
2022-06-21,19164,0.000000,134,0.000000,50,1.7000,1.7000
2022-06-22,19165,0.000000,134,0.000000,50,1.7000,1.7000
2022-06-23,19166,0.000000,134,0.000000,50,1.7000,1.7000
2022-06-24,19167,0.007463,134,0.000000,50,1.6896,1.7000
2022-06-25,19168,0.000000,134,0.000000,50,1.7000,1.7000
2022-06-26,19169,0.000000,134,0.000000,50,1.7000,1.7000
2022-06-27,19170,0.000000,134,0.000000,50,1.7000,1.7000
2022-06-28,19171,0.000000,134,0.000000,50,1.7000,1.7000
2022-06-29,19172,0.007463,134,0.000000,50,1.6896,1.7000
2022-06-30,19173,0.007463,134,0.000000,50,1.6896,1.7000
2022-07-01,19174,0.000000,135,0.000000,50,1.7000,1.7000
2022-07-02,19175,0.000000,135,0.000000,50,1.7000,1.7000
2022-07-03,19176,0.007407,135,0.000000,50,1.6896,1.7000
2022-07-04,19177,0.007407,135,0.000000,50,1.6896,1.7000
2022-07-05,19178,0.007407,135,0.000000,50,1.6896,1.7000
2022-07-06,19179,0.014815,135,0.020000,50,1.6793,1.6720
2022-07-07,19180,0.007407,135,0.000000,50,1.6896,1.7000
2022-07-08,19181,0.014815,135,0.020000,50,1.6793,1.6720
2022-07-09,19182,0.014815,135,0.020000,50,1.6793,1.6720
2022-07-10,19183,0.014815,135,0.020000,50,1.6793,1.6720
2022-07-11,19184,0.007407,135,0.000000,50,1.6896,1.7000
2022-07-12,19185,0.007407,135,0.000000,50,1.6896,1.7000
2022-07-13,19186,0.007407,135,0.000000,50,1.6896,1.7000
2022-07-14,19187,0.007407,135,0.000000,50,1.6896,1.7000
2022-07-15,19188,0.007407,135,0.000000,50,1.6896,1.7000
2022-07-16,19189,0.014815,135,0.020000,50,1.6793,1.6720
2022-07-17,19190,0.014815,135,0.020000,50,1.6793,1.6720
2022-07-18,19191,0.014815,135,0.020000,50,1.6793,1.6720
2022-07-19,19192,0.022222,135,0.020000,50,1.6689,1.6720
2022-07-20,19193,0.029630,135,0.020000,50,1.6585,1.6720
2022-07-21,19194,0.022222,135,0.020000,50,1.6689,1.6720
2022-07-22,19195,0.029630,135,0.020000,50,1.6585,1.6720
2022-07-23,19196,0.022222,135,0.000000,50,1.6689,1.7000
2022-07-24,19197,0.022222,135,0.000000,50,1.6689,1.7000
2022-07-25,19198,0.029630,135,0.020000,50,1.6585,1.6720
2022-07-26,19199,0.022222,135,0.000000,50,1.6689,1.7000
2022-07-27,19200,0.022222,135,0.000000,50,1.6689,1.7000
2022-07-28,19201,0.044444,135,0.040000,50,1.6378,1.6440
2022-07-29,19202,0.066667,135,0.080000,50,1.6067,1.5880
2022-07-30,19203,0.066667,135,0.060000,50,1.6067,1.6160
2022-07-31,19204,0.066667,135,0.060000,50,1.6067,1.6160
2022-08-01,19205,0.074074,135,0.060000,50,1.5963,1.6160
2022-08-02,19206,0.059259,135,0.040000,50,1.6170,1.6440
2022-08-03,19207,0.059259,135,0.060000,50,1.6170,1.6160
2022-08-04,19208,0.066667,135,0.060000,50,1.6067,1.6160
2022-08-05,19209,0.059259,135,0.060000,50,1.6170,1.6160
2022-08-06,19210,0.074074,135,0.060000,50,1.5963,1.6160
2022-08-07,19211,0.088889,135,0.080000,50,1.5756,1.5880
2022-08-08,19212,0.088889,135,0.080000,50,1.5756,1.5880
2022-08-09,19213,0.088889,135,0.080000,50,1.5756,1.5880
2022-08-10,19214,0.066667,135,0.060000,50,1.6067,1.6160
2022-08-11,19215,0.096296,135,0.100000,50,1.5652,1.5600
2022-08-12,19216,0.088889,135,0.100000,50,1.5756,1.5600
2022-08-13,19217,0.081481,135,0.080000,50,1.5859,1.5880
2022-08-14,19218,0.081481,135,0.080000,50,1.5859,1.5880
2022-08-15,19219,0.081481,135,0.060000,50,1.5859,1.6160
2022-08-16,19220,0.088889,135,0.080000,50,1.5756,1.5880
2022-08-17,19221,0.088889,135,0.080000,50,1.5756,1.5880
2022-08-18,19222,0.059259,135,0.060000,50,1.6170,1.6160
2022-08-19,19223,0.074074,135,0.080000,50,1.5963,1.5880
2022-08-20,19224,0.037037,135,0.020000,50,1.6481,1.6720
2022-08-21,19225,0.037037,135,0.020000,50,1.6481,1.6720
2022-08-22,19226,0.037037,135,0.020000,50,1.6481,1.6720
2022-08-23,19227,0.044444,135,0.040000,50,1.6378,1.6440
2022-08-24,19228,0.044444,135,0.040000,50,1.6378,1.6440
2022-08-25,19229,0.051852,135,0.040000,50,1.6274,1.6440
2022-08-26,19230,0.051852,135,0.060000,50,1.6274,1.6160
2022-08-27,19231,0.037037,135,0.020000,50,1.6481,1.6720
2022-08-28,19232,0.037037,135,0.020000,50,1.6481,1.6720
2022-08-29,19233,0.037037,135,0.020000,50,1.6481,1.6720
2022-08-30,19234,0.037037,135,0.020000,50,1.6481,1.6720
2022-08-31,19235,0.037037,135,0.020000,50,1.6481,1.6720
2022-09-01,19236,0.029630,135,0.020000,50,1.6585,1.6720
2022-09-02,19237,0.037037,135,0.020000,50,1.6481,1.6720
2022-09-03,19238,0.037037,135,0.020000,50,1.6481,1.6720
2022-09-04,19239,0.037037,135,0.020000,50,1.6481,1.6720
2022-09-05,19240,0.029630,135,0.020000,50,1.6585,1.6720
2022-09-06,19241,0.037037,135,0.020000,50,1.6481,1.6720
2022-09-07,19242,0.037037,135,0.020000,50,1.6481,1.6720
2022-09-08,19243,0.044444,135,0.040000,50,1.6378,1.6440
2022-09-09,19244,0.037037,135,0.020000,50,1.6481,1.6720
2022-09-10,19245,0.059259,135,0.060000,50,1.6170,1.6160
2022-09-11,19246,0.059259,135,0.060000,50,1.6170,1.6160
2022-09-12,19247,0.051852,135,0.040000,50,1.6274,1.6440
2022-09-13,19248,0.059259,135,0.060000,50,1.6170,1.6160
2022-09-14,19249,0.044444,135,0.020000,50,1.6378,1.6720
2022-09-15,19250,0.044444,135,0.020000,50,1.6378,1.6720
2022-09-16,19251,0.044118,136,0.020000,50,1.6382,1.6720
2022-09-17,19252,0.051471,136,0.040000,50,1.6279,1.6440
2022-09-18,19253,0.058824,136,0.040000,50,1.6176,1.6440
2022-09-19,19254,0.029412,136,0.020000,50,1.6588,1.6720
2022-09-20,19255,0.044118,136,0.040000,50,1.6382,1.6440
2022-09-21,19256,0.014706,136,0.000000,50,1.6794,1.7000
2022-09-22,19257,0.014706,136,0.000000,50,1.6794,1.7000
2022-09-23,19258,0.029412,136,0.000000,50,1.6588,1.7000
2022-09-24,19259,0.036496,137,0.000000,50,1.6489,1.7000
2022-09-25,19260,0.036496,137,0.000000,50,1.6489,1.7000
2022-09-26,19261,0.036496,137,0.000000,50,1.6489,1.7000
2022-09-27,19262,0.029197,137,0.000000,50,1.6591,1.7000
2022-09-28,19263,0.029197,137,0.000000,50,1.6591,1.7000
2022-09-29,19264,0.036496,137,0.000000,50,1.6489,1.7000
2022-09-30,19265,0.036496,137,0.000000,50,1.6489,1.7000
2022-10-01,19266,0.043478,138,0.000000,50,1.6391,1.7000
2022-10-02,19267,0.050725,138,0.020000,50,1.6290,1.6720
2022-10-03,19268,0.028986,138,0.020000,50,1.6594,1.6720
2022-10-04,19269,0.036232,138,0.020000,50,1.6493,1.6720
2022-10-05,19270,0.043478,138,0.020000,50,1.6391,1.6720
2022-10-06,19271,0.043165,139,0.020000,50,1.6396,1.6720
2022-10-07,19272,0.043165,139,0.020000,50,1.6396,1.6720
2022-10-08,19273,0.050360,139,0.020000,50,1.6295,1.6720
2022-10-09,19274,0.042857,140,0.000000,50,1.6400,1.7000
2022-10-10,19275,0.049645,141,0.000000,50,1.6305,1.7000
2022-10-11,19276,0.042553,141,0.000000,50,1.6404,1.7000
2022-10-12,19277,0.035461,141,0.000000,50,1.6504,1.7000
2022-10-13,19278,0.035461,141,0.000000,50,1.6504,1.7000
2022-10-14,19279,0.035461,141,0.000000,50,1.6504,1.7000
2022-10-15,19280,0.035461,141,0.000000,50,1.6504,1.7000
2022-10-16,19281,0.035461,141,0.000000,50,1.6504,1.7000
2022-10-17,19282,0.035461,141,0.000000,50,1.6504,1.7000
2022-10-18,19283,0.035461,141,0.000000,50,1.6504,1.7000
2022-10-19,19284,0.042553,141,0.020000,50,1.6404,1.6720
2022-10-20,19285,0.049645,141,0.040000,50,1.6305,1.6440
2022-10-21,19286,0.035461,141,0.000000,50,1.6504,1.7000
2022-10-22,19287,0.042254,142,0.000000,50,1.6408,1.7000
2022-10-23,19288,0.049296,142,0.020000,50,1.6310,1.6720
2022-10-24,19289,0.049296,142,0.020000,50,1.6310,1.6720
2022-10-25,19290,0.049296,142,0.020000,50,1.6310,1.6720
2022-10-26,19291,0.070423,142,0.060000,50,1.6014,1.6160
2022-10-27,19292,0.069930,143,0.060000,50,1.6021,1.6160
2022-10-28,19293,0.083916,143,0.100000,50,1.5825,1.5600
2022-10-29,19294,0.090909,143,0.120000,50,1.5727,1.5320
2022-10-30,19295,0.111888,143,0.120000,50,1.5434,1.5320
2022-10-31,19296,0.104895,143,0.120000,50,1.5531,1.5320
2022-11-01,19297,0.097902,143,0.120000,50,1.5629,1.5320
2022-11-02,19298,0.104895,143,0.120000,50,1.5531,1.5320
2022-11-03,19299,0.097902,143,0.120000,50,1.5629,1.5320
2022-11-04,19300,0.195804,143,0.160000,50,1.4259,1.4760
2022-11-05,19301,0.237762,143,0.240000,50,1.3671,1.3640
2022-11-06,19302,0.244755,143,0.240000,50,1.3573,1.3640
2022-11-07,19303,0.216783,143,0.220000,50,1.3965,1.3920
2022-11-08,19304,0.216783,143,0.220000,50,1.3965,1.3920
2022-11-09,19305,0.055944,143,0.080000,50,1.6217,1.5880
2022-11-10,19306,0.006993,143,0.000000,50,1.6902,1.7000
2022-11-11,19307,0.055944,143,0.080000,50,1.6217,1.5880
2022-11-12,19308,0.055944,143,0.060000,50,1.6217,1.6160
2022-11-13,19309,0.048951,143,0.040000,50,1.6315,1.6440
2022-11-14,19310,0.048951,143,0.040000,50,1.6315,1.6440
2022-11-15,19311,0.062937,143,0.040000,50,1.6119,1.6440
2022-11-16,19312,0.063380,142,0.040000,50,1.6113,1.6440
2022-11-17,19313,0.063830,141,0.040000,50,1.6106,1.6440
2022-11-18,19314,0.077465,142,0.040000,50,1.5915,1.6440
2022-11-19,19315,0.076923,143,0.040000,50,1.5923,1.6440
2022-11-20,19316,0.076923,143,0.040000,50,1.5923,1.6440
2022-11-21,19317,0.076923,143,0.060000,50,1.5923,1.6160
2022-11-22,19318,0.076923,143,0.060000,50,1.5923,1.6160
2022-11-23,19319,0.069930,143,0.040000,50,1.6021,1.6440
2022-11-24,19320,0.090909,143,0.080000,50,1.5727,1.5880
2022-11-25,19321,0.090909,143,0.080000,50,1.5727,1.5880
2022-11-26,19322,0.097902,143,0.080000,50,1.5629,1.5880
2022-11-27,19323,0.104895,143,0.100000,50,1.5531,1.5600
2022-11-28,19324,0.104895,143,0.080000,50,1.5531,1.5880
2022-11-29,19325,0.083916,143,0.100000,50,1.5825,1.5600
2022-11-30,19326,0.111888,143,0.120000,50,1.5434,1.5320
2022-12-01,19327,0.118881,143,0.140000,50,1.5336,1.5040
2022-12-02,19328,0.131944,144,0.140000,50,1.5153,1.5040
2022-12-03,19329,0.152778,144,0.160000,50,1.4861,1.4760
2022-12-04,19330,0.138889,144,0.140000,50,1.5056,1.5040
2022-12-05,19331,0.145833,144,0.160000,50,1.4958,1.4760
2022-12-06,19332,0.138889,144,0.160000,50,1.5056,1.4760
2022-12-07,19333,0.111111,144,0.080000,50,1.5444,1.5880
2022-12-08,19334,0.083333,144,0.060000,50,1.5833,1.6160
2022-12-09,19335,0.118056,144,0.100000,50,1.5347,1.5600
2022-12-10,19336,0.111111,144,0.140000,50,1.5444,1.5040
2022-12-11,19337,0.111111,144,0.140000,50,1.5444,1.5040
2022-12-12,19338,0.111111,144,0.140000,50,1.5444,1.5040
2022-12-13,19339,0.090278,144,0.120000,50,1.5736,1.5320
2022-12-14,19340,0.097222,144,0.120000,50,1.5639,1.5320
2022-12-15,19341,0.090278,144,0.120000,50,1.5736,1.5320
2022-12-16,19342,0.090278,144,0.120000,50,1.5736,1.5320
2022-12-17,19343,0.069444,144,0.060000,50,1.6028,1.6160
2022-12-18,19344,0.062500,144,0.060000,50,1.6125,1.6160
2022-12-19,19345,0.069444,144,0.080000,50,1.6028,1.5880
2022-12-20,19346,0.048611,144,0.020000,50,1.6319,1.6720
2022-12-21,19347,0.069444,144,0.080000,50,1.6028,1.5880
2022-12-22,19348,0.055556,144,0.040000,50,1.6222,1.6440
2022-12-23,19349,0.055556,144,0.060000,50,1.6222,1.6160
2022-12-24,19350,0.055556,144,0.060000,50,1.6222,1.6160
2022-12-25,19351,0.048611,144,0.040000,50,1.6319,1.6440
2022-12-26,19352,0.048611,144,0.060000,50,1.6319,1.6160
2022-12-27,19353,0.062500,144,0.100000,50,1.6125,1.5600
2022-12-28,19354,0.055556,144,0.060000,50,1.6222,1.6160
2022-12-29,19355,0.048611,144,0.040000,50,1.6319,1.6440
2022-12-30,19356,0.041667,144,0.040000,50,1.6417,1.6440
2022-12-31,19357,0.048611,144,0.040000,50,1.6319,1.6440
2023-01-01,19358,0.041667,144,0.040000,50,1.6417,1.6440
2023-01-02,19359,0.048611,144,0.040000,50,1.6319,1.6440
2023-01-03,19360,0.048611,144,0.040000,50,1.6319,1.6440
2023-01-04,19361,0.041667,144,0.040000,50,1.6417,1.6440
2023-01-05,19362,0.069444,144,0.060000,50,1.6028,1.6160
2023-01-06,19363,0.069444,144,0.060000,50,1.6028,1.6160
2023-01-07,19364,0.076389,144,0.060000,50,1.5931,1.6160
2023-01-08,19365,0.069444,144,0.060000,50,1.6028,1.6160
2023-01-09,19366,0.076389,144,0.060000,50,1.5931,1.6160
2023-01-10,19367,0.111111,144,0.100000,50,1.5444,1.5600
2023-01-11,19368,0.152778,144,0.140000,50,1.4861,1.5040
2023-01-12,19369,0.131944,144,0.140000,50,1.5153,1.5040
2023-01-13,19370,0.194444,144,0.200000,50,1.4278,1.4200
2023-01-14,19371,0.222222,144,0.220000,50,1.3889,1.3920
2023-01-15,19372,0.263889,144,0.280000,50,1.3306,1.3080
2023-01-16,19373,0.284722,144,0.320000,50,1.3014,1.2520
2023-01-17,19374,0.312500,144,0.340000,50,1.2625,1.2240
2023-01-18,19375,0.326389,144,0.340000,50,1.2431,1.2240
2023-01-19,19376,0.236111,144,0.280000,50,1.3694,1.3080
2023-01-20,19377,0.243056,144,0.260000,50,1.3597,1.3360
2023-01-21,19378,0.333333,144,0.360000,50,1.2333,1.1960
2023-01-22,19379,0.388889,144,0.420000,50,1.1556,1.1120
2023-01-23,19380,0.375000,144,0.380000,50,1.1750,1.1680
2023-01-24,19381,0.486111,144,0.460000,50,1.0194,1.0560
2023-01-25,19382,0.479167,144,0.400000,50,1.0292,1.1400
2023-01-26,19383,0.513889,144,0.440000,50,1.0000,1.0840
2023-01-27,19384,0.534722,144,0.440000,50,1.0000,1.0840
2023-01-28,19385,0.590278,144,0.480000,50,1.0000,1.0280
2023-01-29,19386,0.534722,144,0.480000,50,1.0000,1.0280
2023-01-30,19387,0.618056,144,0.520000,50,1.0000,1.0000
2023-01-31,19388,0.409722,144,0.360000,50,1.1264,1.1960
2023-02-01,19389,0.458333,144,0.400000,50,1.0583,1.1400
2023-02-02,19390,0.597222,144,0.540000,50,1.0000,1.0000
2023-02-03,19391,0.569444,144,0.500000,50,1.0000,1.0000
2023-02-04,19392,0.680556,144,0.620000,50,1.0000,1.0000
2023-02-05,19393,0.750000,144,0.660000,50,1.0000,1.0000
2023-02-06,19394,0.638889,144,0.540000,50,1.0000,1.0000
2023-02-07,19395,0.673611,144,0.540000,50,1.0000,1.0000
2023-02-08,19396,0.805556,144,0.740000,50,1.0000,1.0000
2023-02-09,19397,0.784722,144,0.720000,50,1.0000,1.0000
2023-02-10,19398,0.527778,144,0.460000,50,1.0000,1.0560
2023-02-11,19399,0.486111,144,0.420000,50,1.0194,1.1120
2023-02-12,19400,0.548611,144,0.500000,50,1.0000,1.0000
2023-02-13,19401,0.555556,144,0.460000,50,1.0000,1.0560
2023-02-14,19402,0.472222,144,0.420000,50,1.0389,1.1120
2023-02-15,19403,0.618056,144,0.540000,50,1.0000,1.0000
2023-02-16,19404,0.758621,145,0.700000,50,1.0000,1.0000
2023-02-17,19405,0.772414,145,0.680000,50,1.0000,1.0000
2023-02-18,19406,0.806897,145,0.760000,50,1.0000,1.0000
2023-02-19,19407,0.821918,146,0.780000,50,1.0000,1.0000
2023-02-20,19408,0.835616,146,0.800000,50,1.0000,1.0000
2023-02-21,19409,0.863014,146,0.860000,50,1.0000,1.0000
2023-02-22,19410,0.836735,147,0.800000,50,1.0000,1.0000
2023-02-23,19411,0.829932,147,0.820000,50,1.0000,1.0000
2023-02-24,19412,0.817568,148,0.800000,50,1.0000,1.0000
2023-02-25,19413,0.750000,148,0.700000,50,1.0000,1.0000
2023-02-26,19414,0.689189,148,0.680000,50,1.0000,1.0000
2023-02-27,19415,0.790541,148,0.780000,50,1.0000,1.0000
2023-02-28,19416,0.756757,148,0.740000,50,1.0000,1.0000
2023-03-01,19417,0.709459,148,0.700000,50,1.0000,1.0000
2023-03-02,19418,0.797297,148,0.800000,50,1.0000,1.0000
2023-03-03,19419,0.751678,149,0.740000,50,1.0000,1.0000
2023-03-04,19420,0.483221,149,0.480000,50,1.0235,1.0280
2023-03-05,19421,0.446667,150,0.420000,50,1.0747,1.1120
2023-03-06,19422,0.506667,150,0.500000,50,1.0000,1.0000
2023-03-07,19423,0.506667,150,0.500000,50,1.0000,1.0000
2023-03-08,19424,0.426667,150,0.400000,50,1.1027,1.1400
2023-03-09,19425,0.375000,152,0.380000,50,1.1750,1.1680
2023-03-10,19426,0.184211,152,0.160000,50,1.4421,1.4760
2023-03-11,19427,0.210526,152,0.180000,50,1.4053,1.4480
2023-03-12,19428,0.157895,152,0.080000,50,1.4789,1.5880
2023-03-13,19429,0.289474,152,0.280000,50,1.2947,1.3080
2023-03-14,19430,0.486842,152,0.460000,50,1.0184,1.0560
2023-03-15,19431,0.572368,152,0.580000,50,1.0000,1.0000
2023-03-16,19432,0.379085,153,0.360000,50,1.1693,1.1960
2023-03-17,19433,0.424837,153,0.400000,50,1.1052,1.1400
2023-03-18,19434,0.567742,155,0.580000,50,1.0000,1.0000
2023-03-19,19435,0.602564,156,0.580000,50,1.0000,1.0000
2023-03-20,19436,0.641026,156,0.640000,50,1.0000,1.0000
2023-03-21,19437,0.583333,156,0.580000,50,1.0000,1.0000
2023-03-22,19438,0.624204,157,0.640000,50,1.0000,1.0000
2023-03-23,19439,0.468354,158,0.380000,50,1.0443,1.1680
2023-03-24,19440,0.593750,160,0.580000,50,1.0000,1.0000
2023-03-25,19441,0.493750,160,0.460000,50,1.0088,1.0560
2023-03-26,19442,0.440994,161,0.420000,50,1.0826,1.1120
2023-03-27,19443,0.496894,161,0.460000,50,1.0043,1.0560
2023-03-28,19444,0.397516,161,0.380000,50,1.1435,1.1680
2023-03-29,19445,0.478261,161,0.440000,50,1.0304,1.0840
2023-03-30,19446,0.586420,162,0.540000,50,1.0000,1.0000
2023-03-31,19447,0.549383,162,0.540000,50,1.0000,1.0000
2023-04-01,19448,0.648148,162,0.640000,50,1.0000,1.0000
2023-04-02,19449,0.648148,162,0.660000,50,1.0000,1.0000
2023-04-03,19450,0.555556,162,0.580000,50,1.0000,1.0000
2023-04-04,19451,0.592593,162,0.640000,50,1.0000,1.0000
2023-04-05,19452,0.680982,163,0.700000,50,1.0000,1.0000
2023-04-06,19453,0.682927,164,0.720000,50,1.0000,1.0000
2023-04-07,19454,0.664634,164,0.720000,50,1.0000,1.0000
2023-04-08,19455,0.646341,164,0.720000,50,1.0000,1.0000
2023-04-09,19456,0.636364,165,0.700000,50,1.0000,1.0000
2023-04-10,19457,0.660606,165,0.700000,50,1.0000,1.0000
2023-04-11,19458,0.672727,165,0.700000,50,1.0000,1.0000
2023-04-12,19459,0.709091,165,0.780000,50,1.0000,1.0000
2023-04-13,19460,0.690909,165,0.760000,50,1.0000,1.0000
2023-04-14,19461,0.727273,165,0.820000,50,1.0000,1.0000
2023-04-15,19462,0.824242,165,0.880000,50,1.0000,1.0000
2023-04-16,19463,0.806061,165,0.880000,50,1.0000,1.0000
2023-04-17,19464,0.860606,165,0.920000,50,1.0000,1.0000
2023-04-18,19465,0.800000,165,0.880000,50,1.0000,1.0000
2023-04-19,19466,0.848485,165,0.920000,50,1.0000,1.0000
2023-04-20,19467,0.660606,165,0.720000,50,1.0000,1.0000
2023-04-21,19468,0.545455,165,0.620000,50,1.0000,1.0000
2023-04-22,19469,0.401198,167,0.380000,50,1.1383,1.1680
2023-04-23,19470,0.497006,167,0.540000,50,1.0042,1.0000
2023-04-24,19471,0.419162,167,0.460000,50,1.1132,1.0560
2023-04-25,19472,0.425150,167,0.460000,50,1.1048,1.0560
2023-04-26,19473,0.502994,167,0.520000,50,1.0000,1.0000
2023-04-27,19474,0.455090,167,0.440000,50,1.0629,1.0840
2023-04-28,19475,0.505952,168,0.480000,50,1.0000,1.0280
2023-04-29,19476,0.491228,171,0.500000,50,1.0123,1.0000
2023-04-30,19477,0.526316,171,0.560000,50,1.0000,1.0000
2023-05-01,19478,0.467836,171,0.480000,50,1.0450,1.0280
2023-05-02,19479,0.385965,171,0.380000,50,1.1596,1.1680
2023-05-03,19480,0.409357,171,0.440000,50,1.1269,1.0840
2023-05-04,19481,0.438596,171,0.480000,50,1.0860,1.0280
2023-05-05,19482,0.395349,172,0.440000,50,1.1465,1.0840
2023-05-06,19483,0.439306,173,0.520000,50,1.0850,1.0000
2023-05-07,19484,0.352601,173,0.420000,50,1.2064,1.1120
2023-05-08,19485,0.329480,173,0.380000,50,1.2387,1.1680
2023-05-09,19486,0.179191,173,0.140000,50,1.4491,1.5040
2023-05-10,19487,0.196532,173,0.200000,50,1.4249,1.4200
2023-05-11,19488,0.219653,173,0.200000,50,1.3925,1.4200
2023-05-12,19489,0.138728,173,0.120000,50,1.5058,1.5320
2023-05-13,19490,0.160920,174,0.160000,50,1.4747,1.4760
2023-05-14,19491,0.160920,174,0.160000,50,1.4747,1.4760
2023-05-15,19492,0.178161,174,0.160000,50,1.4506,1.4760
2023-05-16,19493,0.206897,174,0.180000,50,1.4103,1.4480
2023-05-17,19494,0.218391,174,0.200000,50,1.3943,1.4200
2023-05-18,19495,0.258621,174,0.280000,50,1.3379,1.3080
2023-05-19,19496,0.229885,174,0.240000,50,1.3782,1.3640
2023-05-20,19497,0.229885,174,0.240000,50,1.3782,1.3640
2023-05-21,19498,0.229885,174,0.240000,50,1.3782,1.3640
2023-05-22,19499,0.189655,174,0.180000,50,1.4345,1.4480
2023-05-23,19500,0.218391,174,0.220000,50,1.3943,1.3920
2023-05-24,19501,0.235632,174,0.240000,50,1.3701,1.3640
2023-05-25,19502,0.201149,174,0.220000,50,1.4184,1.3920
2023-05-26,19503,0.201149,174,0.200000,50,1.4184,1.4200
2023-05-27,19504,0.212644,174,0.220000,50,1.4023,1.3920
2023-05-28,19505,0.234286,175,0.240000,50,1.3720,1.3640
2023-05-29,19506,0.251429,175,0.280000,50,1.3480,1.3080
2023-05-30,19507,0.267045,176,0.320000,50,1.3261,1.2520
2023-05-31,19508,0.250000,176,0.280000,50,1.3500,1.3080
2023-06-01,19509,0.204545,176,0.240000,50,1.4136,1.3640
2023-06-02,19510,0.202247,178,0.220000,50,1.4169,1.3920
2023-06-03,19511,0.247191,178,0.260000,50,1.3539,1.3360
2023-06-04,19512,0.217877,179,0.240000,50,1.3950,1.3640
2023-06-05,19513,0.244444,180,0.260000,50,1.3578,1.3360
2023-06-06,19514,0.144444,180,0.100000,50,1.4978,1.5600
2023-06-07,19515,0.172222,180,0.180000,50,1.4589,1.4480
2023-06-08,19516,0.127778,180,0.100000,50,1.5211,1.5600
2023-06-09,19517,0.126374,182,0.100000,50,1.5231,1.5600
2023-06-10,19518,0.120879,182,0.100000,50,1.5308,1.5600
2023-06-11,19519,0.071429,182,0.060000,50,1.6000,1.6160
2023-06-12,19520,0.071429,182,0.060000,50,1.6000,1.6160
2023-06-13,19521,0.076923,182,0.080000,50,1.5923,1.5880
2023-06-14,19522,0.076923,182,0.080000,50,1.5923,1.5880
2023-06-15,19523,0.076923,182,0.080000,50,1.5923,1.5880
2023-06-16,19524,0.082418,182,0.080000,50,1.5846,1.5880
2023-06-17,19525,0.082418,182,0.080000,50,1.5846,1.5880
2023-06-18,19526,0.082418,182,0.080000,50,1.5846,1.5880
2023-06-19,19527,0.071429,182,0.060000,50,1.6000,1.6160
2023-06-20,19528,0.093407,182,0.100000,50,1.5692,1.5600
2023-06-21,19529,0.104396,182,0.100000,50,1.5538,1.5600
2023-06-22,19530,0.131868,182,0.140000,50,1.5154,1.5040
2023-06-23,19531,0.142077,183,0.140000,50,1.5011,1.5040
2023-06-24,19532,0.147541,183,0.180000,50,1.4934,1.4480
2023-06-25,19533,0.147541,183,0.180000,50,1.4934,1.4480
2023-06-26,19534,0.147541,183,0.180000,50,1.4934,1.4480
2023-06-27,19535,0.131148,183,0.180000,50,1.5164,1.4480
2023-06-28,19536,0.153005,183,0.200000,50,1.4858,1.4200
2023-06-29,19537,0.103825,183,0.140000,50,1.5546,1.5040
2023-06-30,19538,0.120219,183,0.180000,50,1.5317,1.4480
2023-07-01,19539,0.153005,183,0.220000,50,1.4858,1.3920
2023-07-02,19540,0.157609,184,0.240000,50,1.4793,1.3640
2023-07-03,19541,0.157609,184,0.240000,50,1.4793,1.3640
2023-07-04,19542,0.184783,184,0.260000,50,1.4413,1.3360
2023-07-05,19543,0.173913,184,0.260000,50,1.4565,1.3360
2023-07-06,19544,0.163043,184,0.240000,50,1.4717,1.3640
2023-07-07,19545,0.157609,184,0.260000,50,1.4793,1.3360
2023-07-08,19546,0.163043,184,0.260000,50,1.4717,1.3360
2023-07-09,19547,0.168478,184,0.260000,50,1.4641,1.3360
2023-07-10,19548,0.163043,184,0.240000,50,1.4717,1.3640
2023-07-11,19549,0.157609,184,0.220000,50,1.4793,1.3920
2023-07-12,19550,0.157609,184,0.240000,50,1.4793,1.3640
2023-07-13,19551,0.163043,184,0.240000,50,1.4717,1.3640
2023-07-14,19552,0.206522,184,0.280000,50,1.4109,1.3080
2023-07-15,19553,0.184783,184,0.300000,50,1.4413,1.2800
2023-07-16,19554,0.195652,184,0.300000,50,1.4261,1.2800
2023-07-17,19555,0.173913,184,0.260000,50,1.4565,1.3360
2023-07-18,19556,0.179348,184,0.300000,50,1.4489,1.2800
2023-07-19,19557,0.157609,184,0.260000,50,1.4793,1.3360
2023-07-20,19558,0.157609,184,0.260000,50,1.4793,1.3360
2023-07-21,19559,0.157609,184,0.260000,50,1.4793,1.3360
2023-07-22,19560,0.167568,185,0.280000,50,1.4654,1.3080
2023-07-23,19561,0.172973,185,0.280000,50,1.4578,1.3080
2023-07-24,19562,0.167568,185,0.240000,50,1.4654,1.3640
2023-07-25,19563,0.118919,185,0.240000,50,1.5335,1.3640
2023-07-26,19564,0.124324,185,0.260000,50,1.5259,1.3360
2023-07-27,19565,0.135135,185,0.280000,50,1.5108,1.3080
2023-07-28,19566,0.140541,185,0.280000,50,1.5032,1.3080
2023-07-29,19567,0.161290,186,0.320000,50,1.4742,1.2520
2023-07-30,19568,0.160428,187,0.300000,50,1.4754,1.2800
2023-07-31,19569,0.144385,187,0.280000,50,1.4979,1.3080
2023-08-01,19570,0.149733,187,0.280000,50,1.4904,1.3080
2023-08-02,19571,0.144385,187,0.260000,50,1.4979,1.3360
2023-08-03,19572,0.139037,187,0.260000,50,1.5053,1.3360
2023-08-04,19573,0.127660,188,0.240000,50,1.5213,1.3640
2023-08-05,19574,0.117021,188,0.240000,50,1.5362,1.3640
2023-08-06,19575,0.122340,188,0.240000,50,1.5287,1.3640
2023-08-07,19576,0.117021,188,0.240000,50,1.5362,1.3640
2023-08-08,19577,0.122340,188,0.240000,50,1.5287,1.3640
2023-08-09,19578,0.132979,188,0.240000,50,1.5138,1.3640
2023-08-10,19579,0.127660,188,0.240000,50,1.5213,1.3640
2023-08-11,19580,0.117021,188,0.220000,50,1.5362,1.3920
2023-08-12,19581,0.127660,188,0.240000,50,1.5213,1.3640
2023-08-13,19582,0.143617,188,0.260000,50,1.4989,1.3360
2023-08-14,19583,0.154255,188,0.280000,50,1.4840,1.3080
2023-08-15,19584,0.164894,188,0.260000,50,1.4691,1.3360
2023-08-16,19585,0.132979,188,0.220000,50,1.5138,1.3920
2023-08-17,19586,0.101064,188,0.160000,50,1.5585,1.4760
2023-08-18,19587,0.063830,188,0.100000,50,1.6106,1.5600
2023-08-19,19588,0.074468,188,0.100000,50,1.5957,1.5600
2023-08-20,19589,0.085106,188,0.120000,50,1.5809,1.5320
2023-08-21,19590,0.090426,188,0.120000,50,1.5734,1.5320
2023-08-22,19591,0.085106,188,0.100000,50,1.5809,1.5600
2023-08-23,19592,0.084656,189,0.100000,50,1.5815,1.5600
2023-08-24,19593,0.095238,189,0.120000,50,1.5667,1.5320
2023-08-25,19594,0.089947,189,0.100000,50,1.5741,1.5600
2023-08-26,19595,0.084656,189,0.100000,50,1.5815,1.5600
2023-08-27,19596,0.083770,191,0.100000,50,1.5827,1.5600
2023-08-28,19597,0.088542,192,0.100000,50,1.5760,1.5600
2023-08-29,19598,0.088542,192,0.100000,50,1.5760,1.5600
2023-08-30,19599,0.109375,192,0.140000,50,1.5469,1.5040
2023-08-31,19600,0.098958,192,0.100000,50,1.5615,1.5600
2023-09-01,19601,0.083333,192,0.100000,50,1.5833,1.5600
2023-09-02,19602,0.088542,192,0.100000,50,1.5760,1.5600
2023-09-03,19603,0.088542,192,0.100000,50,1.5760,1.5600
2023-09-04,19604,0.088083,193,0.100000,50,1.5767,1.5600
2023-09-05,19605,0.088083,193,0.100000,50,1.5767,1.5600
2023-09-06,19606,0.098446,193,0.100000,50,1.5622,1.5600
2023-09-07,19607,0.113402,194,0.100000,50,1.5412,1.5600
2023-09-08,19608,0.108247,194,0.100000,50,1.5485,1.5600
2023-09-09,19609,0.117949,195,0.100000,50,1.5349,1.5600
2023-09-10,19610,0.107143,196,0.100000,50,1.5500,1.5600
2023-09-11,19611,0.102041,196,0.100000,50,1.5571,1.5600
2023-09-12,19612,0.091837,196,0.100000,50,1.5714,1.5600
2023-09-13,19613,0.096939,196,0.100000,50,1.5643,1.5600
2023-09-14,19614,0.102041,196,0.120000,50,1.5571,1.5320
2023-09-15,19615,0.107143,196,0.120000,50,1.5500,1.5320
2023-09-16,19616,0.121827,197,0.120000,50,1.5294,1.5320
2023-09-17,19617,0.121827,197,0.120000,50,1.5294,1.5320
2023-09-18,19618,0.101523,197,0.120000,50,1.5579,1.5320
2023-09-19,19619,0.101523,197,0.120000,50,1.5579,1.5320
2023-09-20,19620,0.126263,198,0.140000,50,1.5232,1.5040
2023-09-21,19621,0.166667,198,0.160000,50,1.4667,1.4760
2023-09-22,19622,0.121212,198,0.140000,50,1.5303,1.5040
2023-09-23,19623,0.126263,198,0.140000,50,1.5232,1.5040
2023-09-24,19624,0.121212,198,0.160000,50,1.5303,1.4760
2023-09-25,19625,0.131313,198,0.160000,50,1.5162,1.4760
2023-09-26,19626,0.126263,198,0.160000,50,1.5232,1.4760
2023-09-27,19627,0.136364,198,0.180000,50,1.5091,1.4480
2023-09-28,19628,0.131313,198,0.180000,50,1.5162,1.4480
2023-09-29,19629,0.141414,198,0.200000,50,1.5020,1.4200
2023-09-30,19630,0.166667,198,0.200000,50,1.4667,1.4200
2023-10-01,19631,0.181818,198,0.240000,50,1.4455,1.3640
2023-10-02,19632,0.196970,198,0.240000,50,1.4242,1.3640
2023-10-03,19633,0.181818,198,0.240000,50,1.4455,1.3640
2023-10-04,19634,0.161616,198,0.200000,50,1.4737,1.4200
2023-10-05,19635,0.161616,198,0.220000,50,1.4737,1.3920
2023-10-06,19636,0.151515,198,0.220000,50,1.4879,1.3920
2023-10-07,19637,0.191919,198,0.260000,50,1.4313,1.3360
2023-10-08,19638,0.176768,198,0.240000,50,1.4525,1.3640
2023-10-09,19639,0.186869,198,0.260000,50,1.4384,1.3360
2023-10-10,19640,0.141414,198,0.180000,50,1.5020,1.4480
2023-10-11,19641,0.126263,198,0.160000,50,1.5232,1.4760
2023-10-12,19642,0.126263,198,0.160000,50,1.5232,1.4760
2023-10-13,19643,0.121212,198,0.160000,50,1.5303,1.4760
2023-10-14,19644,0.121212,198,0.180000,50,1.5303,1.4480
2023-10-15,19645,0.126263,198,0.180000,50,1.5232,1.4480
2023-10-16,19646,0.145729,199,0.200000,50,1.4960,1.4200
2023-10-17,19647,0.160804,199,0.220000,50,1.4749,1.3920
2023-10-18,19648,0.165829,199,0.220000,50,1.4678,1.3920
2023-10-19,19649,0.155000,200,0.220000,50,1.4830,1.3920
2023-10-20,19650,0.140000,200,0.180000,50,1.5040,1.4480
2023-10-21,19651,0.180000,200,0.260000,50,1.4480,1.3360
2023-10-22,19652,0.203980,201,0.300000,50,1.4144,1.2800
2023-10-23,19653,0.189055,201,0.260000,50,1.4353,1.3360
2023-10-24,19654,0.228856,201,0.320000,50,1.3796,1.2520
2023-10-25,19655,0.298507,201,0.360000,50,1.2821,1.1960
2023-10-26,19656,0.336634,202,0.360000,50,1.2287,1.1960
2023-10-27,19657,0.336634,202,0.400000,50,1.2287,1.1400
2023-10-28,19658,0.344828,203,0.380000,50,1.2172,1.1680
2023-10-29,19659,0.394089,203,0.440000,50,1.1483,1.0840
2023-10-30,19660,0.418719,203,0.440000,50,1.1138,1.0840
2023-10-31,19661,0.463054,203,0.440000,50,1.0517,1.0840
2023-11-01,19662,0.399015,203,0.440000,50,1.1414,1.0840
2023-11-02,19663,0.527094,203,0.560000,50,1.0000,1.0000
2023-11-03,19664,0.502463,203,0.580000,50,1.0000,1.0000
2023-11-04,19665,0.517241,203,0.560000,50,1.0000,1.0000
2023-11-05,19666,0.566502,203,0.600000,50,1.0000,1.0000
2023-11-06,19667,0.586207,203,0.680000,50,1.0000,1.0000
2023-11-07,19668,0.793103,203,0.880000,50,1.0000,1.0000
2023-11-08,19669,0.778325,203,0.840000,50,1.0000,1.0000
2023-11-09,19670,0.798030,203,0.860000,50,1.0000,1.0000
2023-11-10,19671,0.673171,205,0.800000,50,1.0000,1.0000
2023-11-11,19672,0.883495,206,0.920000,50,1.0000,1.0000
2023-11-12,19673,0.902913,206,0.960000,50,1.0000,1.0000
2023-11-13,19674,0.912621,206,0.960000,50,1.0000,1.0000
2023-11-14,19675,0.864734,207,0.900000,50,1.0000,1.0000
2023-11-15,19676,0.801932,207,0.840000,50,1.0000,1.0000
2023-11-16,19677,0.923077,208,0.940000,50,1.0000,1.0000
2023-11-17,19678,0.813397,209,0.920000,50,1.0000,1.0000
2023-11-18,19679,0.765550,209,0.880000,50,1.0000,1.0000
2023-11-19,19680,0.766667,210,0.880000,50,1.0000,1.0000
2023-11-20,19681,0.824645,211,0.920000,50,1.0000,1.0000
2023-11-21,19682,0.829384,211,0.920000,50,1.0000,1.0000
2023-11-22,19683,0.706161,211,0.820000,50,1.0000,1.0000
2023-11-23,19684,0.739336,211,0.840000,50,1.0000,1.0000
2023-11-24,19685,0.732394,213,0.840000,50,1.0000,1.0000
2023-11-25,19686,0.816901,213,0.880000,50,1.0000,1.0000
2023-11-26,19687,0.869159,214,0.920000,50,1.0000,1.0000
2023-11-27,19688,0.887850,214,0.940000,50,1.0000,1.0000
2023-11-28,19689,0.799065,214,0.880000,50,1.0000,1.0000
2023-11-29,19690,0.855140,214,0.900000,50,1.0000,1.0000
2023-11-30,19691,0.841860,215,0.920000,50,1.0000,1.0000
2023-12-01,19692,0.851163,215,0.900000,50,1.0000,1.0000
2023-12-02,19693,0.884259,216,0.920000,50,1.0000,1.0000
2023-12-03,19694,0.931507,219,0.960000,50,1.0000,1.0000
2023-12-04,19695,0.917808,219,0.960000,50,1.0000,1.0000
2023-12-05,19696,0.940639,219,0.980000,50,1.0000,1.0000
2023-12-06,19697,0.945205,219,0.980000,50,1.0000,1.0000
2023-12-07,19698,0.940909,220,0.980000,50,1.0000,1.0000
2023-12-08,19699,0.945701,221,0.980000,50,1.0000,1.0000
2023-12-09,19700,0.968468,222,1.000000,50,1.0000,1.0000
2023-12-10,19701,0.968610,223,1.000000,50,1.0000,1.0000
2023-12-11,19702,0.968610,223,1.000000,50,1.0000,1.0000
2023-12-12,19703,0.910314,223,0.980000,50,1.0000,1.0000
2023-12-13,19704,0.901345,223,0.980000,50,1.0000,1.0000
2023-12-14,19705,0.928571,224,1.000000,50,1.0000,1.0000
2023-12-15,19706,0.937500,224,1.000000,50,1.0000,1.0000
2023-12-16,19707,0.915179,224,1.000000,50,1.0000,1.0000
2023-12-17,19708,0.915929,226,1.000000,50,1.0000,1.0000
2023-12-18,19709,0.911504,226,1.000000,50,1.0000,1.0000
2023-12-19,19710,0.880531,226,0.980000,50,1.0000,1.0000
2023-12-20,19711,0.876106,226,0.960000,50,1.0000,1.0000
2023-12-21,19712,0.902655,226,0.980000,50,1.0000,1.0000
2023-12-22,19713,0.929825,228,1.000000,50,1.0000,1.0000
2023-12-23,19714,0.938596,228,1.000000,50,1.0000,1.0000
2023-12-24,19715,0.942982,228,1.000000,50,1.0000,1.0000
2023-12-25,19716,0.947368,228,1.000000,50,1.0000,1.0000
2023-12-26,19717,0.951965,229,1.000000,50,1.0000,1.0000
2023-12-27,19718,0.939394,231,1.000000,50,1.0000,1.0000
2023-12-28,19719,0.948276,232,1.000000,50,1.0000,1.0000
2023-12-29,19720,0.935345,232,1.000000,50,1.0000,1.0000
2023-12-30,19721,0.922414,232,1.000000,50,1.0000,1.0000
2023-12-31,19722,0.926724,232,1.000000,50,1.0000,1.0000
2024-01-01,19723,0.931034,232,0.980000,50,1.0000,1.0000
2024-01-02,19724,0.935345,232,0.980000,50,1.0000,1.0000
2024-01-03,19725,0.931034,232,0.980000,50,1.0000,1.0000
2024-01-04,19726,0.866379,232,0.920000,50,1.0000,1.0000
2024-01-05,19727,0.879310,232,0.940000,50,1.0000,1.0000
2024-01-06,19728,0.840517,232,0.880000,50,1.0000,1.0000
2024-01-07,19729,0.836910,233,0.880000,50,1.0000,1.0000
2024-01-08,19730,0.789700,233,0.840000,50,1.0000,1.0000
2024-01-09,19731,0.798283,233,0.840000,50,1.0000,1.0000
2024-01-10,19732,0.755365,233,0.820000,50,1.0000,1.0000
2024-01-11,19733,0.829060,234,0.880000,50,1.0000,1.0000
2024-01-12,19734,0.858974,234,0.920000,50,1.0000,1.0000
2024-01-13,19735,0.833333,234,0.900000,50,1.0000,1.0000
2024-01-14,19736,0.847458,236,0.900000,50,1.0000,1.0000
2024-01-15,19737,0.826271,236,0.880000,50,1.0000,1.0000
2024-01-16,19738,0.830508,236,0.880000,50,1.0000,1.0000
2024-01-17,19739,0.843882,237,0.880000,50,1.0000,1.0000
2024-01-18,19740,0.827004,237,0.860000,50,1.0000,1.0000
2024-01-19,19741,0.793249,237,0.860000,50,1.0000,1.0000
2024-01-20,19742,0.784810,237,0.860000,50,1.0000,1.0000
2024-01-21,19743,0.801688,237,0.860000,50,1.0000,1.0000
2024-01-22,19744,0.805907,237,0.860000,50,1.0000,1.0000
2024-01-23,19745,0.729958,237,0.800000,50,1.0000,1.0000
2024-01-24,19746,0.624473,237,0.700000,50,1.0000,1.0000
2024-01-25,19747,0.672269,238,0.760000,50,1.0000,1.0000
2024-01-26,19748,0.682008,239,0.760000,50,1.0000,1.0000
2024-01-27,19749,0.748954,239,0.860000,50,1.0000,1.0000
2024-01-28,19750,0.769874,239,0.860000,50,1.0000,1.0000
2024-01-29,19751,0.757322,239,0.860000,50,1.0000,1.0000
2024-01-30,19752,0.765690,239,0.860000,50,1.0000,1.0000
2024-01-31,19753,0.790795,239,0.880000,50,1.0000,1.0000
2024-02-01,19754,0.686192,239,0.780000,50,1.0000,1.0000
2024-02-02,19755,0.728033,239,0.820000,50,1.0000,1.0000
2024-02-03,19756,0.728033,239,0.820000,50,1.0000,1.0000
2024-02-04,19757,0.723849,239,0.820000,50,1.0000,1.0000
2024-02-05,19758,0.698745,239,0.800000,50,1.0000,1.0000
2024-02-06,19759,0.661088,239,0.780000,50,1.0000,1.0000
2024-02-07,19760,0.687500,240,0.780000,50,1.0000,1.0000
2024-02-08,19761,0.759336,241,0.840000,50,1.0000,1.0000
2024-02-09,19762,0.755187,241,0.820000,50,1.0000,1.0000
2024-02-10,19763,0.813278,241,0.860000,50,1.0000,1.0000
2024-02-11,19764,0.804979,241,0.860000,50,1.0000,1.0000
2024-02-12,19765,0.800830,241,0.860000,50,1.0000,1.0000
2024-02-13,19766,0.838174,241,0.860000,50,1.0000,1.0000
2024-02-14,19767,0.829876,241,0.860000,50,1.0000,1.0000
2024-02-15,19768,0.867220,241,0.880000,50,1.0000,1.0000
2024-02-16,19769,0.871369,241,0.880000,50,1.0000,1.0000
2024-02-17,19770,0.897119,243,0.900000,50,1.0000,1.0000
2024-02-18,19771,0.897119,243,0.920000,50,1.0000,1.0000
2024-02-19,19772,0.913934,244,0.920000,50,1.0000,1.0000
2024-02-20,19773,0.934426,244,0.960000,50,1.0000,1.0000
2024-02-21,19774,0.909836,244,0.920000,50,1.0000,1.0000
2024-02-22,19775,0.893443,244,0.920000,50,1.0000,1.0000
2024-02-23,19776,0.909836,244,0.940000,50,1.0000,1.0000
2024-02-24,19777,0.898374,246,0.960000,50,1.0000,1.0000
2024-02-25,19778,0.910569,246,0.960000,50,1.0000,1.0000
2024-02-26,19779,0.926829,246,0.960000,50,1.0000,1.0000
2024-02-27,19780,0.951220,246,0.960000,50,1.0000,1.0000
2024-02-28,19781,0.947154,246,0.980000,50,1.0000,1.0000
2024-02-29,19782,0.943089,246,0.980000,50,1.0000,1.0000
2024-03-01,19783,0.963563,247,0.980000,50,1.0000,1.0000
2024-03-02,19784,0.975709,247,0.980000,50,1.0000,1.0000
2024-03-03,19785,0.983871,248,0.980000,50,1.0000,1.0000
2024-03-04,19786,0.983871,248,0.980000,50,1.0000,1.0000
2024-03-05,19787,0.979839,248,0.980000,50,1.0000,1.0000
2024-03-06,19788,0.959677,248,0.980000,50,1.0000,1.0000
2024-03-07,19789,0.971888,249,0.980000,50,1.0000,1.0000
2024-03-08,19790,0.980000,250,0.980000,50,1.0000,1.0000
2024-03-09,19791,0.972000,250,0.980000,50,1.0000,1.0000
2024-03-10,19792,0.976000,250,0.980000,50,1.0000,1.0000
2024-03-11,19793,0.976000,250,0.980000,50,1.0000,1.0000
2024-03-12,19794,0.988000,250,0.980000,50,1.0000,1.0000
2024-03-13,19795,0.984000,250,0.980000,50,1.0000,1.0000
2024-03-14,19796,0.988048,251,0.980000,50,1.0000,1.0000
2024-03-15,19797,0.984064,251,0.980000,50,1.0000,1.0000
2024-03-16,19798,0.964143,251,0.980000,50,1.0000,1.0000
2024-03-17,19799,0.940239,251,0.980000,50,1.0000,1.0000
2024-03-18,19800,0.948207,251,0.980000,50,1.0000,1.0000
2024-03-19,19801,0.932271,251,0.980000,50,1.0000,1.0000
2024-03-20,19802,0.884921,252,0.960000,50,1.0000,1.0000
2024-03-21,19803,0.932806,253,0.980000,50,1.0000,1.0000
2024-03-22,19804,0.937008,254,0.980000,50,1.0000,1.0000
2024-03-23,19805,0.905882,255,0.980000,50,1.0000,1.0000
2024-03-24,19806,0.921569,255,0.980000,50,1.0000,1.0000
2024-03-25,19807,0.929412,255,0.980000,50,1.0000,1.0000
2024-03-26,19808,0.945098,255,0.980000,50,1.0000,1.0000
2024-03-27,19809,0.952941,255,0.980000,50,1.0000,1.0000
2024-03-28,19810,0.937255,255,0.980000,50,1.0000,1.0000
2024-03-29,19811,0.945098,255,0.980000,50,1.0000,1.0000
2024-03-30,19812,0.925490,255,0.980000,50,1.0000,1.0000
2024-03-31,19813,0.922179,257,0.980000,50,1.0000,1.0000
2024-04-01,19814,0.926357,258,0.980000,50,1.0000,1.0000
2024-04-02,19815,0.910853,258,0.980000,50,1.0000,1.0000
2024-04-03,19816,0.886719,256,0.980000,50,1.0000,1.0000
2024-04-04,19817,0.863813,257,0.960000,50,1.0000,1.0000
2024-04-05,19818,0.887160,257,0.980000,50,1.0000,1.0000
2024-04-06,19819,0.883268,257,0.980000,50,1.0000,1.0000
2024-04-07,19820,0.887160,257,0.980000,50,1.0000,1.0000
2024-04-08,19821,0.891051,257,0.980000,50,1.0000,1.0000
2024-04-09,19822,0.910506,257,0.980000,50,1.0000,1.0000
2024-04-10,19823,0.883268,257,0.980000,50,1.0000,1.0000
2024-04-11,19824,0.872093,258,0.960000,50,1.0000,1.0000
2024-04-12,19825,0.857692,260,0.960000,50,1.0000,1.0000
2024-04-13,19826,0.669231,260,0.740000,50,1.0000,1.0000
2024-04-14,19827,0.319231,260,0.340000,50,1.2531,1.2240
2024-04-15,19828,0.421456,261,0.420000,50,1.1100,1.1120
2024-04-16,19829,0.425287,261,0.420000,50,1.1046,1.1120
2024-04-17,19830,0.431298,262,0.400000,50,1.0962,1.1400
2024-04-18,19831,0.412214,262,0.340000,50,1.1229,1.2240
2024-04-19,19832,0.442748,262,0.360000,50,1.0802,1.1960
2024-04-20,19833,0.480916,262,0.460000,50,1.0267,1.0560
2024-04-21,19834,0.587786,262,0.660000,50,1.0000,1.0000
2024-04-22,19835,0.541985,262,0.580000,50,1.0000,1.0000
2024-04-23,19836,0.599237,262,0.700000,50,1.0000,1.0000
2024-04-24,19837,0.595420,262,0.640000,50,1.0000,1.0000
2024-04-25,19838,0.538168,262,0.580000,50,1.0000,1.0000
2024-04-26,19839,0.526718,262,0.560000,50,1.0000,1.0000
2024-04-27,19840,0.496183,262,0.480000,50,1.0053,1.0280
2024-04-28,19841,0.480916,262,0.460000,50,1.0267,1.0560
2024-04-29,19842,0.500000,262,0.480000,50,1.0000,1.0280
2024-04-30,19843,0.412214,262,0.380000,50,1.1229,1.1680
2024-05-01,19844,0.335878,262,0.320000,50,1.2298,1.2520
2024-05-02,19845,0.338403,263,0.340000,50,1.2262,1.2240
2024-05-03,19846,0.397727,264,0.360000,50,1.1432,1.1960
2024-05-04,19847,0.443182,264,0.420000,50,1.0795,1.1120
2024-05-05,19848,0.443182,264,0.400000,50,1.0795,1.1400
2024-05-06,19849,0.458333,264,0.400000,50,1.0583,1.1400
2024-05-07,19850,0.431818,264,0.400000,50,1.0955,1.1400
2024-05-08,19851,0.418868,265,0.380000,50,1.1136,1.1680
2024-05-09,19852,0.379699,266,0.320000,50,1.1684,1.2520
2024-05-10,19853,0.421053,266,0.360000,50,1.1105,1.1960
2024-05-11,19854,0.367041,267,0.320000,50,1.1861,1.2520
2024-05-12,19855,0.355805,267,0.300000,50,1.2019,1.2800
2024-05-13,19856,0.340824,267,0.300000,50,1.2228,1.2800
2024-05-14,19857,0.337079,267,0.320000,50,1.2281,1.2520
2024-05-15,19858,0.319549,266,0.280000,50,1.2526,1.3080
2024-05-16,19859,0.359848,264,0.320000,50,1.1962,1.2520
2024-05-17,19860,0.378788,264,0.340000,50,1.1697,1.2240
2024-05-18,19861,0.401515,264,0.380000,50,1.1379,1.1680
2024-05-19,19862,0.397727,264,0.400000,50,1.1432,1.1400
2024-05-20,19863,0.348485,264,0.340000,50,1.2121,1.2240
2024-05-21,19864,0.465909,264,0.460000,50,1.0477,1.0560
2024-05-22,19865,0.473485,264,0.500000,50,1.0371,1.0000
2024-05-23,19866,0.488636,264,0.520000,50,1.0159,1.0000
2024-05-24,19867,0.465909,264,0.440000,50,1.0477,1.0840
2024-05-25,19868,0.473485,264,0.460000,50,1.0371,1.0560
2024-05-26,19869,0.507576,264,0.500000,50,1.0000,1.0000
2024-05-27,19870,0.473485,264,0.480000,50,1.0371,1.0280
2024-05-28,19871,0.537879,264,0.580000,50,1.0000,1.0000
2024-05-29,19872,0.488281,256,0.540000,50,1.0164,1.0000
2024-05-30,19873,0.482490,257,0.520000,50,1.0245,1.0000
2024-05-31,19874,0.463035,257,0.480000,50,1.0518,1.0280
2024-06-01,19875,0.470817,257,0.480000,50,1.0409,1.0280
2024-06-02,19876,0.466926,257,0.460000,50,1.0463,1.0560
2024-06-03,19877,0.451362,257,0.420000,50,1.0681,1.1120
2024-06-04,19878,0.486381,257,0.440000,50,1.0191,1.0840
2024-06-05,19879,0.498054,257,0.460000,50,1.0027,1.0560
2024-06-06,19880,0.529183,257,0.460000,50,1.0000,1.0560
2024-06-07,19881,0.509728,257,0.460000,50,1.0000,1.0560
2024-06-08,19882,0.338521,257,0.320000,50,1.2261,1.2520
2024-06-09,19883,0.280156,257,0.300000,50,1.3078,1.2800
2024-06-10,19884,0.299611,257,0.300000,50,1.2805,1.2800
2024-06-11,19885,0.260700,257,0.300000,50,1.3350,1.2800
2024-06-12,19886,0.198444,257,0.220000,50,1.4222,1.3920
2024-06-13,19887,0.233463,257,0.260000,50,1.3732,1.3360
2024-06-14,19888,0.194553,257,0.220000,50,1.4276,1.3920
2024-06-15,19889,0.178295,258,0.220000,50,1.4504,1.3920
2024-06-16,19890,0.189922,258,0.220000,50,1.4341,1.3920
2024-06-17,19891,0.193798,258,0.240000,50,1.4287,1.3640
2024-06-18,19892,0.155039,258,0.200000,50,1.4829,1.4200
2024-06-19,19893,0.112403,258,0.160000,50,1.5426,1.4760
2024-06-20,19894,0.124031,258,0.180000,50,1.5264,1.4480
2024-06-21,19895,0.131783,258,0.200000,50,1.5155,1.4200
2024-06-22,19896,0.131783,258,0.220000,50,1.5155,1.3920
2024-06-23,19897,0.124031,258,0.200000,50,1.5264,1.4200
2024-06-24,19898,0.096899,258,0.160000,50,1.5643,1.4760
2024-06-25,19899,0.112403,258,0.160000,50,1.5426,1.4760
2024-06-26,19900,0.127907,258,0.200000,50,1.5209,1.4200
2024-06-27,19901,0.124031,258,0.180000,50,1.5264,1.4480
2024-06-28,19902,0.131783,258,0.220000,50,1.5155,1.3920
2024-06-29,19903,0.111969,259,0.200000,50,1.5432,1.4200
2024-06-30,19904,0.100386,259,0.160000,50,1.5595,1.4760
2024-07-01,19905,0.119691,259,0.200000,50,1.5324,1.4200
2024-07-02,19906,0.131274,259,0.220000,50,1.5162,1.3920
2024-07-03,19907,0.123552,259,0.200000,50,1.5270,1.4200
2024-07-04,19908,0.088803,259,0.120000,50,1.5757,1.5320
2024-07-05,19909,0.073359,259,0.100000,50,1.5973,1.5600
2024-07-06,19910,0.054054,259,0.060000,50,1.6243,1.6160
2024-07-07,19911,0.073359,259,0.100000,50,1.5973,1.5600
2024-07-08,19912,0.061776,259,0.060000,50,1.6135,1.6160
2024-07-09,19913,0.069498,259,0.080000,50,1.6027,1.5880
2024-07-10,19914,0.073359,259,0.100000,50,1.5973,1.5600
2024-07-11,19915,0.073077,260,0.100000,50,1.5977,1.5600
2024-07-12,19916,0.069231,260,0.080000,50,1.6031,1.5880
2024-07-13,19917,0.061538,260,0.080000,50,1.6138,1.5880
2024-07-14,19918,0.080769,260,0.180000,50,1.5869,1.4480
2024-07-15,19919,0.096154,260,0.200000,50,1.5654,1.4200
2024-07-16,19920,0.115385,260,0.220000,50,1.5385,1.3920
2024-07-17,19921,0.125954,262,0.240000,50,1.5237,1.3640
2024-07-18,19922,0.129771,262,0.220000,50,1.5183,1.3920
2024-07-19,19923,0.122137,262,0.200000,50,1.5290,1.4200
2024-07-20,19924,0.147727,264,0.240000,50,1.4932,1.3640
2024-07-21,19925,0.147727,264,0.240000,50,1.4932,1.3640
2024-07-22,19926,0.159091,264,0.240000,50,1.4773,1.3640
2024-07-23,19927,0.140152,264,0.240000,50,1.5038,1.3640
2024-07-24,19928,0.121212,264,0.200000,50,1.5303,1.4200
2024-07-25,19929,0.121212,264,0.200000,50,1.5303,1.4200
2024-07-26,19930,0.109848,264,0.160000,50,1.5462,1.4760
2024-07-27,19931,0.132576,264,0.220000,50,1.5144,1.3920
2024-07-28,19932,0.140152,264,0.240000,50,1.5038,1.3640
2024-07-29,19933,0.121212,264,0.200000,50,1.5303,1.4200
2024-07-30,19934,0.132576,264,0.220000,50,1.5144,1.3920
2024-07-31,19935,0.125954,262,0.220000,50,1.5237,1.3920
2024-08-01,19936,0.118321,262,0.200000,50,1.5344,1.4200
2024-08-02,19937,0.099237,262,0.180000,50,1.5611,1.4480
2024-08-03,19938,0.076336,262,0.140000,50,1.5931,1.5040
2024-08-04,19939,0.053435,262,0.100000,50,1.6252,1.5600
2024-08-05,19940,0.038168,262,0.080000,50,1.6466,1.5880
2024-08-06,19941,0.019084,262,0.040000,50,1.6733,1.6440
2024-08-07,19942,0.041985,262,0.080000,50,1.6412,1.5880
2024-08-08,19943,0.034351,262,0.060000,50,1.6519,1.6160
2024-08-09,19944,0.057252,262,0.100000,50,1.6198,1.5600
2024-08-10,19945,0.057252,262,0.080000,50,1.6198,1.5880
2024-08-11,19946,0.057252,262,0.080000,50,1.6198,1.5880
2024-08-12,19947,0.034351,262,0.060000,50,1.6519,1.6160
2024-08-13,19948,0.038168,262,0.060000,50,1.6466,1.6160
2024-08-14,19949,0.038168,262,0.060000,50,1.6466,1.6160
2024-08-15,19950,0.038168,262,0.080000,50,1.6466,1.5880
2024-08-16,19951,0.034351,262,0.080000,50,1.6519,1.5880
2024-08-17,19952,0.034351,262,0.080000,50,1.6519,1.5880
2024-08-18,19953,0.041985,262,0.100000,50,1.6412,1.5600
2024-08-19,19954,0.045802,262,0.100000,50,1.6359,1.5600
2024-08-20,19955,0.045802,262,0.100000,50,1.6359,1.5600
2024-08-21,19956,0.049618,262,0.100000,50,1.6305,1.5600
2024-08-22,19957,0.049618,262,0.100000,50,1.6305,1.5600
2024-08-23,19958,0.045802,262,0.100000,50,1.6359,1.5600
2024-08-24,19959,0.091603,262,0.160000,50,1.5718,1.4760
2024-08-25,19960,0.087452,263,0.160000,50,1.5776,1.4760
2024-08-26,19961,0.083650,263,0.160000,50,1.5829,1.4760
2024-08-27,19962,0.057034,263,0.120000,50,1.6202,1.5320
2024-08-28,19963,0.041825,263,0.080000,50,1.6414,1.5880
2024-08-29,19964,0.041825,263,0.080000,50,1.6414,1.5880
2024-08-30,19965,0.045627,263,0.080000,50,1.6361,1.5880
2024-08-31,19966,0.041825,263,0.080000,50,1.6414,1.5880
2024-09-01,19967,0.041825,263,0.080000,50,1.6414,1.5880
2024-09-02,19968,0.038023,263,0.080000,50,1.6468,1.5880
2024-09-03,19969,0.038023,263,0.080000,50,1.6468,1.5880
2024-09-04,19970,0.034221,263,0.080000,50,1.6521,1.5880
2024-09-05,19971,0.034221,263,0.080000,50,1.6521,1.5880
2024-09-06,19972,0.026616,263,0.080000,50,1.6627,1.5880
2024-09-07,19973,0.019011,263,0.060000,50,1.6734,1.6160
2024-09-08,19974,0.022814,263,0.060000,50,1.6681,1.6160
2024-09-09,19975,0.022814,263,0.060000,50,1.6681,1.6160
2024-09-10,19976,0.038023,263,0.080000,50,1.6468,1.5880
2024-09-11,19977,0.038023,263,0.080000,50,1.6468,1.5880
2024-09-12,19978,0.030651,261,0.081633,49,1.6571,1.5857
2024-09-13,19979,0.038314,261,0.081633,49,1.6464,1.5857
2024-09-14,19980,0.049242,264,0.081633,49,1.6311,1.5857
2024-09-15,19981,0.049057,265,0.081633,49,1.6313,1.5857
2024-09-16,19982,0.045283,265,0.081633,49,1.6366,1.5857
2024-09-17,19983,0.041509,265,0.081633,49,1.6419,1.5857
2024-09-18,19984,0.048872,266,0.081633,49,1.6316,1.5857
2024-09-19,19985,0.059701,268,0.102041,49,1.6164,1.5571
2024-09-20,19986,0.074627,268,0.102041,49,1.5955,1.5571
2024-09-21,19987,0.095941,271,0.122449,49,1.5657,1.5286
2024-09-22,19988,0.091912,272,0.122449,49,1.5713,1.5286
2024-09-23,19989,0.080882,272,0.122449,49,1.5868,1.5286
2024-09-24,19990,0.099265,272,0.122449,49,1.5610,1.5286
2024-09-25,19991,0.116788,274,0.142857,49,1.5365,1.5000
2024-09-26,19992,0.109489,274,0.122449,49,1.5467,1.5286
2024-09-27,19993,0.152727,275,0.183673,49,1.4862,1.4429
2024-09-28,19994,0.163043,276,0.183673,49,1.4717,1.4429
2024-09-29,19995,0.159420,276,0.183673,49,1.4768,1.4429
2024-09-30,19996,0.173913,276,0.183673,49,1.4565,1.4429
2024-10-01,19997,0.144928,276,0.142857,49,1.4971,1.5000
2024-10-02,19998,0.086957,276,0.040816,49,1.5783,1.6429
2024-10-03,19999,0.079422,277,0.040816,49,1.5888,1.6429
2024-10-04,20000,0.061372,277,0.040816,49,1.6141,1.6429
2024-10-05,20001,0.086331,278,0.061224,49,1.5791,1.6143
2024-10-06,20002,0.085714,280,0.061224,49,1.5800,1.6143
2024-10-07,20003,0.103571,280,0.081633,49,1.5550,1.5857
2024-10-08,20004,0.121429,280,0.122449,49,1.5300,1.5286
2024-10-09,20005,0.117438,281,0.122449,49,1.5356,1.5286
2024-10-10,20006,0.085106,282,0.081633,49,1.5809,1.5857
2024-10-11,20007,0.092199,282,0.102041,49,1.5709,1.5571
2024-10-12,20008,0.131206,282,0.142857,49,1.5163,1.5000
2024-10-13,20009,0.144876,283,0.142857,49,1.4972,1.5000
2024-10-14,20010,0.130742,283,0.102041,49,1.5170,1.5571
2024-10-15,20011,0.179577,284,0.224490,49,1.4486,1.3857
2024-10-16,20012,0.167832,286,0.204082,49,1.4650,1.4143
2024-10-17,20013,0.160839,286,0.204082,49,1.4748,1.4143
2024-10-18,20014,0.139373,287,0.163265,49,1.5049,1.4714
2024-10-19,20015,0.177083,288,0.224490,49,1.4521,1.3857
2024-10-20,20016,0.193103,290,0.224490,49,1.4297,1.3857
2024-10-21,20017,0.227586,290,0.224490,49,1.3814,1.3857
2024-10-22,20018,0.217241,290,0.224490,49,1.3959,1.3857
2024-10-23,20019,0.199313,291,0.265306,49,1.4210,1.3286
2024-10-24,20020,0.157534,292,0.224490,49,1.4795,1.3857
2024-10-25,20021,0.188356,292,0.244898,49,1.4363,1.3571
2024-10-26,20022,0.139932,293,0.224490,49,1.5041,1.3857
2024-10-27,20023,0.105442,294,0.183673,49,1.5524,1.4429
2024-10-28,20024,0.122449,294,0.224490,49,1.5286,1.3857
2024-10-29,20025,0.125850,294,0.224490,49,1.5238,1.3857
2024-10-30,20026,0.186441,295,0.244898,49,1.4390,1.3571
2024-10-31,20027,0.172297,296,0.244898,49,1.4588,1.3571
2024-11-01,20028,0.127946,297,0.224490,49,1.5209,1.3857
2024-11-02,20029,0.107744,297,0.183673,49,1.5492,1.4429
2024-11-03,20030,0.090909,297,0.142857,49,1.5727,1.5000
2024-11-04,20031,0.077441,297,0.163265,49,1.5916,1.4714
2024-11-05,20032,0.063973,297,0.142857,49,1.6104,1.5000
2024-11-06,20033,0.077441,297,0.142857,49,1.5916,1.5000
2024-11-07,20034,0.175084,297,0.244898,49,1.4549,1.3571
2024-11-08,20035,0.222222,297,0.285714,49,1.3889,1.3000
2024-11-09,20036,0.212121,297,0.326531,49,1.4030,1.2429
2024-11-10,20037,0.272727,297,0.367347,49,1.3182,1.1857
2024-11-11,20038,0.414141,297,0.489796,49,1.1202,1.0143
2024-11-12,20039,0.518519,297,0.673469,49,1.0000,1.0000
2024-11-13,20040,0.441077,297,0.571429,49,1.0825,1.0000
2024-11-14,20041,0.276094,297,0.387755,49,1.3135,1.1571
2024-11-15,20042,0.306397,297,0.489796,49,1.2710,1.0143
2024-11-16,20043,0.373737,297,0.571429,49,1.1768,1.0000
2024-11-17,20044,0.592593,297,0.816327,49,1.0000,1.0000
2024-11-18,20045,0.437710,297,0.673469,49,1.0872,1.0000
2024-11-19,20046,0.629630,297,0.918367,49,1.0000,1.0000
2024-11-20,20047,0.580537,298,0.897959,49,1.0000,1.0000
2024-11-21,20048,0.458194,299,0.795918,49,1.0585,1.0000
2024-11-22,20049,0.602007,299,0.897959,49,1.0000,1.0000
2024-11-23,20050,0.614094,298,0.916667,48,1.0000,1.0000
2024-11-24,20051,0.775168,298,0.979167,48,1.0000,1.0000
2024-11-25,20052,0.785235,298,0.979167,48,1.0000,1.0000
2024-11-26,20053,0.785235,298,0.979167,48,1.0000,1.0000
2024-11-27,20054,0.749164,299,0.958333,48,1.0000,1.0000
2024-11-28,20055,0.852843,299,0.958333,48,1.0000,1.0000
2024-11-29,20056,0.862876,299,0.979167,48,1.0000,1.0000
2024-11-30,20057,0.900000,300,0.979167,48,1.0000,1.0000
2024-12-01,20058,0.940000,300,0.979167,48,1.0000,1.0000
2024-12-02,20059,0.933333,300,0.979167,48,1.0000,1.0000
2024-12-03,20060,0.933333,300,0.979167,48,1.0000,1.0000
2024-12-04,20061,0.943522,301,1.000000,48,1.0000,1.0000
2024-12-05,20062,0.953488,301,1.000000,48,1.0000,1.0000
2024-12-06,20063,0.957096,303,1.000000,48,1.0000,1.0000
2024-12-07,20064,0.960526,304,1.000000,48,1.0000,1.0000
2024-12-08,20065,0.967427,307,1.000000,48,1.0000,1.0000
2024-12-09,20066,0.964169,307,1.000000,48,1.0000,1.0000
2024-12-10,20067,0.837134,307,0.979167,48,1.0000,1.0000
2024-12-11,20068,0.815534,309,0.979167,48,1.0000,1.0000
2024-12-12,20069,0.902913,309,0.979167,48,1.0000,1.0000
2024-12-13,20070,0.903537,311,1.000000,48,1.0000,1.0000
2024-12-14,20071,0.913183,311,1.000000,48,1.0000,1.0000
2024-12-15,20072,0.849359,312,0.979167,48,1.0000,1.0000
2024-12-16,20073,0.846154,312,0.979167,48,1.0000,1.0000
2024-12-17,20074,0.858974,312,0.979167,48,1.0000,1.0000
2024-12-18,20075,0.828025,314,0.979167,48,1.0000,1.0000
2024-12-19,20076,0.726115,314,0.979167,48,1.0000,1.0000
2024-12-20,20077,0.563694,314,0.958333,48,1.0000,1.0000
2024-12-21,20078,0.591772,316,0.979167,48,1.0000,1.0000
2024-12-22,20079,0.512658,316,0.916667,48,1.0000,1.0000
2024-12-23,20080,0.550633,316,0.958333,48,1.0000,1.0000
2024-12-24,20081,0.661392,316,0.979167,48,1.0000,1.0000
2024-12-25,20082,0.701258,318,0.979167,48,1.0000,1.0000
2024-12-26,20083,0.682390,318,0.979167,48,1.0000,1.0000
2024-12-27,20084,0.582555,321,0.958333,48,1.0000,1.0000
2024-12-28,20085,0.616822,321,0.979167,48,1.0000,1.0000
2024-12-29,20086,0.697819,321,0.979167,48,1.0000,1.0000
2024-12-30,20087,0.644860,321,0.958333,48,1.0000,1.0000
2024-12-31,20088,0.610592,321,0.937500,48,1.0000,1.0000
2025-01-01,20089,0.626168,321,0.937500,48,1.0000,1.0000
2025-01-02,20090,0.657321,321,0.958333,48,1.0000,1.0000
2025-01-03,20091,0.702786,323,0.979167,48,1.0000,1.0000
2025-01-04,20092,0.764706,323,0.979167,48,1.0000,1.0000
2025-01-05,20093,0.760000,325,0.979167,48,1.0000,1.0000
2025-01-06,20094,0.763077,325,0.979167,48,1.0000,1.0000
2025-01-07,20095,0.763077,325,0.979167,48,1.0000,1.0000
2025-01-08,20096,0.610429,326,0.958333,48,1.0000,1.0000
2025-01-09,20097,0.525680,331,0.916667,48,1.0000,1.0000
2025-01-10,20098,0.447130,331,0.895833,48,1.0740,1.0000
2025-01-11,20099,0.543807,331,0.916667,48,1.0000,1.0000
2025-01-12,20100,0.547904,334,0.958333,48,1.0000,1.0000
2025-01-13,20101,0.485030,334,0.916667,48,1.0210,1.0000
2025-01-14,20102,0.389222,334,0.875000,48,1.1551,1.0000
2025-01-15,20103,0.458333,336,0.916667,48,1.0583,1.0000
2025-01-16,20104,0.566766,337,0.958333,48,1.0000,1.0000
2025-01-17,20105,0.557522,339,0.958333,48,1.0000,1.0000
2025-01-18,20106,0.625369,339,0.958333,48,1.0000,1.0000
2025-01-19,20107,0.504373,343,0.958333,48,1.0000,1.0000
2025-01-20,20108,0.411079,343,0.875000,48,1.1245,1.0000
2025-01-21,20109,0.367347,343,0.854167,48,1.1857,1.0000
2025-01-22,20110,0.401163,344,0.875000,48,1.1384,1.0000
2025-01-23,20111,0.376812,345,0.854167,48,1.1725,1.0000
2025-01-24,20112,0.315942,345,0.812500,48,1.2577,1.0000
2025-01-25,20113,0.324638,345,0.812500,48,1.2455,1.0000
2025-01-26,20114,0.333333,345,0.812500,48,1.2333,1.0000
2025-01-27,20115,0.342029,345,0.833333,48,1.2212,1.0000
2025-01-28,20116,0.289855,345,0.791667,48,1.2942,1.0000
2025-01-29,20117,0.201729,347,0.625000,48,1.4176,1.0000
2025-01-30,20118,0.268012,347,0.750000,48,1.3248,1.0000
2025-01-31,20119,0.288184,347,0.770833,48,1.2965,1.0000
2025-02-01,20120,0.285714,350,0.770833,48,1.3000,1.0000
2025-02-02,20121,0.222222,351,0.666667,48,1.3889,1.0000
2025-02-03,20122,0.128205,351,0.333333,48,1.5205,1.2333
2025-02-04,20123,0.139601,351,0.354167,48,1.5046,1.2042
2025-02-05,20124,0.116809,351,0.270833,48,1.5365,1.3208
2025-02-06,20125,0.107345,354,0.291667,48,1.5497,1.2917
2025-02-07,20126,0.092958,355,0.270833,48,1.5699,1.3208
2025-02-08,20127,0.089888,356,0.270833,48,1.5742,1.3208
2025-02-09,20128,0.112360,356,0.312500,48,1.5427,1.2625
2025-02-10,20129,0.087079,356,0.250000,48,1.5781,1.3500
2025-02-11,20130,0.112360,356,0.312500,48,1.5427,1.2625
2025-02-12,20131,0.109551,356,0.291667,48,1.5466,1.2917
2025-02-13,20132,0.132022,356,0.333333,48,1.5152,1.2333
2025-02-14,20133,0.128852,357,0.333333,48,1.5196,1.2333
2025-02-15,20134,0.142458,358,0.354167,48,1.5006,1.2042
2025-02-16,20135,0.127424,361,0.333333,48,1.5216,1.2333
2025-02-17,20136,0.121547,362,0.312500,48,1.5298,1.2625
2025-02-18,20137,0.132597,362,0.312500,48,1.5144,1.2625
2025-02-19,20138,0.115702,363,0.270833,48,1.5380,1.3208
2025-02-20,20139,0.115702,363,0.270833,48,1.5380,1.3208
2025-02-21,20140,0.123626,364,0.291667,48,1.5269,1.2917
2025-02-22,20141,0.115068,365,0.250000,48,1.5389,1.3500
2025-02-23,20142,0.125341,367,0.312500,48,1.5245,1.2625
2025-02-24,20143,0.122616,367,0.270833,48,1.5283,1.3208
2025-02-25,20144,0.089918,367,0.145833,48,1.5741,1.4958
2025-02-26,20145,0.087193,367,0.145833,48,1.5779,1.4958
2025-02-27,20146,0.079019,367,0.104167,48,1.5894,1.5542
2025-02-28,20147,0.076087,368,0.125000,48,1.5935,1.5250
2025-03-01,20148,0.073370,368,0.125000,48,1.5973,1.5250
2025-03-02,20149,0.081522,368,0.166667,48,1.5859,1.4667
2025-03-03,20150,0.111413,368,0.250000,48,1.5440,1.3500
2025-03-04,20151,0.057065,368,0.104167,48,1.6201,1.5542
2025-03-05,20152,0.054348,368,0.104167,48,1.6239,1.5542
2025-03-06,20153,0.070652,368,0.166667,48,1.6011,1.4667
2025-03-07,20154,0.070652,368,0.166667,48,1.6011,1.4667
2025-03-08,20155,0.065041,369,0.125000,48,1.6089,1.5250
2025-03-09,20156,0.062331,369,0.104167,48,1.6127,1.5542
2025-03-10,20157,0.054201,369,0.083333,48,1.6241,1.5833
2025-03-11,20158,0.045946,370,0.062500,48,1.6357,1.6125
2025-03-12,20159,0.051351,370,0.083333,48,1.6281,1.5833
2025-03-13,20160,0.053908,371,0.083333,48,1.6245,1.5833
2025-03-14,20161,0.053908,371,0.104167,48,1.6245,1.5542
2025-03-15,20162,0.061497,374,0.125000,48,1.6139,1.5250
2025-03-16,20163,0.058824,374,0.125000,48,1.6176,1.5250
2025-03-17,20164,0.050802,374,0.083333,48,1.6289,1.5833
2025-03-18,20165,0.064171,374,0.125000,48,1.6102,1.5250
2025-03-19,20166,0.058511,376,0.083333,48,1.6181,1.5833
2025-03-20,20167,0.063830,376,0.125000,48,1.6106,1.5250
2025-03-21,20168,0.061170,376,0.125000,48,1.6144,1.5250
2025-03-22,20169,0.063660,377,0.125000,48,1.6109,1.5250
2025-03-23,20170,0.061008,377,0.083333,48,1.6146,1.5833
2025-03-24,20171,0.063660,377,0.104167,48,1.6109,1.5542
2025-03-25,20172,0.074271,377,0.145833,48,1.5960,1.4958
2025-03-26,20173,0.071618,377,0.145833,48,1.5997,1.4958
2025-03-27,20174,0.068783,378,0.125000,48,1.6037,1.5250
2025-03-28,20175,0.079365,378,0.166667,48,1.5889,1.4667
2025-03-29,20176,0.050265,378,0.041667,48,1.6296,1.6417
2025-03-30,20177,0.044974,378,0.041667,48,1.6370,1.6417
2025-03-31,20178,0.044974,378,0.041667,48,1.6370,1.6417
2025-04-01,20179,0.044974,378,0.041667,48,1.6370,1.6417
2025-04-02,20180,0.042328,378,0.041667,48,1.6407,1.6417
2025-04-03,20181,0.039683,378,0.041667,48,1.6444,1.6417
2025-04-04,20182,0.039683,378,0.041667,48,1.6444,1.6417
2025-04-05,20183,0.039578,379,0.041667,48,1.6446,1.6417
2025-04-06,20184,0.036939,379,0.041667,48,1.6483,1.6417
2025-04-07,20185,0.034301,379,0.041667,48,1.6520,1.6417
2025-04-08,20186,0.034301,379,0.041667,48,1.6520,1.6417
2025-04-09,20187,0.034301,379,0.041667,48,1.6520,1.6417
2025-04-10,20188,0.039578,379,0.041667,48,1.6446,1.6417
2025-04-11,20189,0.039474,380,0.041667,48,1.6447,1.6417
2025-04-12,20190,0.041995,381,0.041667,48,1.6412,1.6417
2025-04-13,20191,0.044619,381,0.041667,48,1.6375,1.6417
2025-04-14,20192,0.036745,381,0.041667,48,1.6486,1.6417
2025-04-15,20193,0.039370,381,0.041667,48,1.6449,1.6417
2025-04-16,20194,0.044386,383,0.041667,48,1.6379,1.6417
2025-04-17,20195,0.046875,384,0.041667,48,1.6344,1.6417
2025-04-18,20196,0.038961,385,0.041667,48,1.6455,1.6417
2025-04-19,20197,0.041344,387,0.041667,48,1.6421,1.6417
2025-04-20,20198,0.043478,391,0.041667,48,1.6391,1.6417
2025-04-21,20199,0.048346,393,0.041667,48,1.6323,1.6417
2025-04-22,20200,0.048346,393,0.041667,48,1.6323,1.6417
2025-04-23,20201,0.055838,394,0.083333,48,1.6218,1.5833
2025-04-24,20202,0.065823,395,0.083333,48,1.6078,1.5833
2025-04-25,20203,0.068182,396,0.104167,48,1.6045,1.5542
2025-04-26,20204,0.080402,398,0.104167,48,1.5874,1.5542
2025-04-27,20205,0.095477,398,0.104167,48,1.5663,1.5542
2025-04-28,20206,0.082915,398,0.125000,48,1.5839,1.5250
2025-04-29,20207,0.090452,398,0.104167,48,1.5734,1.5542
2025-04-30,20208,0.082294,401,0.083333,48,1.5848,1.5833
2025-05-01,20209,0.087282,401,0.083333,48,1.5778,1.5833
2025-05-02,20210,0.099502,402,0.083333,48,1.5607,1.5833
2025-05-03,20211,0.099502,402,0.083333,48,1.5607,1.5833
2025-05-04,20212,0.084577,402,0.083333,48,1.5816,1.5833
2025-05-05,20213,0.084367,403,0.083333,48,1.5819,1.5833
2025-05-06,20214,0.081886,403,0.083333,48,1.5854,1.5833
2025-05-07,20215,0.069479,403,0.083333,48,1.6027,1.5833
2025-05-08,20216,0.074257,404,0.083333,48,1.5960,1.5833
2025-05-09,20217,0.111386,404,0.145833,48,1.5441,1.4958
2025-05-10,20218,0.150990,404,0.187500,48,1.4886,1.4375
2025-05-11,20219,0.169951,406,0.229167,48,1.4621,1.3792
2025-05-12,20220,0.174020,408,0.229167,48,1.4564,1.3792
2025-05-13,20221,0.161765,408,0.229167,48,1.4735,1.3792
2025-05-14,20222,0.210269,409,0.291667,48,1.4056,1.2917
2025-05-15,20223,0.168293,410,0.208333,48,1.4644,1.4083
2025-05-16,20224,0.133820,411,0.104167,48,1.5127,1.5542
2025-05-17,20225,0.128954,411,0.145833,48,1.5195,1.4958
2025-05-18,20226,0.111650,412,0.104167,48,1.5437,1.5542
2025-05-19,20227,0.123786,412,0.125000,48,1.5267,1.5250
2025-05-20,20228,0.114078,412,0.125000,48,1.5403,1.5250
2025-05-21,20229,0.133172,413,0.125000,48,1.5136,1.5250
2025-05-22,20230,0.139759,415,0.145833,48,1.5043,1.4958
2025-05-23,20231,0.163855,415,0.166667,48,1.4706,1.4667
2025-05-24,20232,0.134940,415,0.166667,48,1.5111,1.4667
2025-05-25,20233,0.129496,417,0.166667,48,1.5187,1.4667
2025-05-26,20234,0.127098,417,0.166667,48,1.5221,1.4667
2025-05-27,20235,0.127098,417,0.166667,48,1.5221,1.4667
2025-05-28,20236,0.143198,419,0.166667,48,1.4995,1.4667
2025-05-29,20237,0.126492,419,0.166667,48,1.5229,1.4667
2025-05-30,20238,0.137767,421,0.166667,48,1.5071,1.4667
2025-05-31,20239,0.108747,423,0.166667,48,1.5478,1.4667
2025-06-01,20240,0.103774,424,0.166667,48,1.5547,1.4667
2025-06-02,20241,0.113208,424,0.166667,48,1.5415,1.4667
2025-06-03,20242,0.113208,424,0.166667,48,1.5415,1.4667
2025-06-04,20243,0.110849,424,0.166667,48,1.5448,1.4667
2025-06-05,20244,0.109813,428,0.166667,48,1.5463,1.4667
2025-06-06,20245,0.097674,430,0.125000,48,1.5633,1.5250
2025-06-07,20246,0.097674,430,0.145833,48,1.5633,1.4958
2025-06-08,20247,0.106729,431,0.166667,48,1.5506,1.4667
2025-06-09,20248,0.106729,431,0.166667,48,1.5506,1.4667
2025-06-10,20249,0.116009,431,0.166667,48,1.5376,1.4667
2025-06-11,20250,0.129630,432,0.208333,48,1.5185,1.4083
2025-06-12,20251,0.112903,434,0.187500,48,1.5419,1.4375
2025-06-13,20252,0.096774,434,0.166667,48,1.5645,1.4667
2025-06-14,20253,0.094253,435,0.166667,48,1.5680,1.4667
2025-06-15,20254,0.091954,435,0.125000,48,1.5713,1.5250
2025-06-16,20255,0.085057,435,0.125000,48,1.5809,1.5250
2025-06-17,20256,0.101149,435,0.187500,48,1.5584,1.4375
2025-06-18,20257,0.075862,435,0.145833,48,1.5938,1.4958
2025-06-19,20258,0.080275,436,0.125000,48,1.5876,1.5250
2025-06-20,20259,0.086957,437,0.125000,48,1.5783,1.5250
2025-06-21,20260,0.075342,438,0.125000,48,1.5945,1.5250
2025-06-22,20261,0.063781,439,0.104167,48,1.6107,1.5542
2025-06-23,20262,0.066059,439,0.104167,48,1.6075,1.5542
2025-06-24,20263,0.079727,439,0.125000,48,1.5884,1.5250
2025-06-25,20264,0.093182,440,0.125000,48,1.5695,1.5250
2025-06-26,20265,0.093182,440,0.145833,48,1.5695,1.4958
2025-06-27,20266,0.090498,442,0.145833,48,1.5733,1.4958
2025-06-28,20267,0.094808,443,0.145833,48,1.5673,1.4958
2025-06-29,20268,0.096847,444,0.145833,48,1.5644,1.4958
2025-06-30,20269,0.099099,444,0.145833,48,1.5613,1.4958
2025-07-01,20270,0.114865,444,0.145833,48,1.5392,1.4958
2025-07-02,20271,0.108108,444,0.145833,48,1.5486,1.4958
2025-07-03,20272,0.128090,445,0.166667,48,1.5207,1.4667
2025-07-04,20273,0.123043,447,0.166667,48,1.5277,1.4667
2025-07-05,20274,0.118040,449,0.145833,48,1.5347,1.4958
2025-07-06,20275,0.115813,449,0.166667,48,1.5379,1.4667
2025-07-07,20276,0.124722,449,0.166667,48,1.5254,1.4667
2025-07-08,20277,0.124722,449,0.166667,48,1.5254,1.4667
2025-07-09,20278,0.128889,450,0.187500,48,1.5196,1.4375
2025-07-10,20279,0.148230,452,0.187500,48,1.4925,1.4375
2025-07-11,20280,0.187225,454,0.208333,48,1.4379,1.4083
2025-07-12,20281,0.200441,454,0.250000,48,1.4194,1.3500
2025-07-13,20282,0.197802,455,0.270833,48,1.4231,1.3208
2025-07-14,20283,0.228571,455,0.312500,48,1.3800,1.2625
2025-07-15,20284,0.239560,455,0.333333,48,1.3646,1.2333
2025-07-16,20285,0.261538,455,0.333333,48,1.3338,1.2333
2025-07-17,20286,0.315789,456,0.479167,48,1.2579,1.0292
2025-07-18,20287,0.294760,458,0.479167,48,1.2873,1.0292
2025-07-19,20288,0.309368,459,0.541667,48,1.2669,1.0000
2025-07-20,20289,0.320261,459,0.625000,48,1.2516,1.0000
2025-07-21,20290,0.424837,459,0.687500,48,1.1052,1.0000
2025-07-22,20291,0.440087,459,0.666667,48,1.0839,1.0000
2025-07-23,20292,0.435730,459,0.687500,48,1.0900,1.0000
2025-07-24,20293,0.328261,460,0.500000,48,1.2404,1.0000
2025-07-25,20294,0.324675,462,0.500000,48,1.2455,1.0000
2025-07-26,20295,0.328294,463,0.500000,48,1.2404,1.0000
2025-07-27,20296,0.358531,463,0.562500,48,1.1981,1.0000
2025-07-28,20297,0.406048,463,0.625000,48,1.1315,1.0000
2025-07-29,20298,0.326134,463,0.520833,48,1.2434,1.0000
2025-07-30,20299,0.319654,463,0.520833,48,1.2525,1.0000
2025-07-31,20300,0.293737,463,0.479167,48,1.2888,1.0292
2025-08-01,20301,0.272138,463,0.437500,48,1.3190,1.0875
2025-08-02,20302,0.234914,464,0.395833,48,1.3711,1.1458
2025-08-03,20303,0.206009,466,0.312500,48,1.4116,1.2625
2025-08-04,20304,0.244635,466,0.354167,48,1.3575,1.2042
2025-08-05,20305,0.283262,466,0.437500,48,1.3034,1.0875
2025-08-06,20306,0.233405,467,0.375000,48,1.3732,1.1750
2025-08-07,20307,0.263383,467,0.416667,48,1.3313,1.1167
2025-08-08,20308,0.311966,468,0.479167,48,1.2632,1.0292
2025-08-09,20309,0.380042,471,0.562500,48,1.1679,1.0000
2025-08-10,20310,0.445860,471,0.625000,48,1.0758,1.0000
2025-08-11,20311,0.430998,471,0.583333,48,1.0966,1.0000
2025-08-12,20312,0.371550,471,0.500000,48,1.1798,1.0000
2025-08-13,20313,0.469214,471,0.645833,48,1.0431,1.0000
2025-08-14,20314,0.525316,474,0.687500,48,1.0000,1.0000
2025-08-15,20315,0.352321,474,0.541667,48,1.2068,1.0000
2025-08-16,20316,0.349474,475,0.541667,48,1.2107,1.0000
2025-08-17,20317,0.412632,475,0.625000,48,1.1223,1.0000
2025-08-18,20318,0.421053,475,0.625000,48,1.1105,1.0000
2025-08-19,20319,0.385263,475,0.583333,48,1.1606,1.0000
2025-08-20,20320,0.321429,476,0.520833,48,1.2500,1.0000
2025-08-21,20321,0.392857,476,0.604167,48,1.1500,1.0000
2025-08-22,20322,0.344538,476,0.562500,48,1.2176,1.0000
2025-08-23,20323,0.491597,476,0.708333,48,1.0118,1.0000
2025-08-24,20324,0.468619,478,0.687500,48,1.0439,1.0000
2025-08-25,20325,0.443515,478,0.666667,48,1.0791,1.0000
2025-08-26,20326,0.276151,478,0.458333,48,1.3134,1.0583
2025-08-27,20327,0.372385,478,0.666667,48,1.1787,1.0000
2025-08-28,20328,0.376299,481,0.625000,48,1.1732,1.0000
2025-08-29,20329,0.392116,482,0.645833,48,1.1510,1.0000
2025-08-30,20330,0.322314,484,0.562500,48,1.2488,1.0000
2025-08-31,20331,0.338843,484,0.562500,48,1.2256,1.0000
2025-09-01,20332,0.355372,484,0.625000,48,1.2025,1.0000
2025-09-02,20333,0.285124,484,0.500000,48,1.3008,1.0000
2025-09-03,20334,0.334711,484,0.604167,48,1.2314,1.0000
2025-09-04,20335,0.351852,486,0.625000,48,1.2074,1.0000
2025-09-05,20336,0.308008,487,0.583333,48,1.2688,1.0000
2025-09-06,20337,0.332653,490,0.604167,48,1.2343,1.0000
2025-09-07,20338,0.326531,490,0.604167,48,1.2429,1.0000
2025-09-08,20339,0.351020,490,0.604167,48,1.2086,1.0000
2025-09-09,20340,0.424490,490,0.645833,48,1.1057,1.0000
2025-09-10,20341,0.420408,490,0.625000,48,1.1114,1.0000
2025-09-11,20342,0.459184,490,0.729167,48,1.0571,1.0000
2025-09-12,20343,0.479675,492,0.729167,48,1.0285,1.0000
2025-09-13,20344,0.538618,492,0.791667,48,1.0000,1.0000
2025-09-14,20345,0.578093,493,0.791667,48,1.0000,1.0000
2025-09-15,20346,0.527383,493,0.770833,48,1.0000,1.0000
2025-09-16,20347,0.432049,493,0.666667,48,1.0951,1.0000
2025-09-17,20348,0.485830,494,0.708333,48,1.0198,1.0000
2025-09-18,20349,0.504049,494,0.750000,48,1.0000,1.0000
2025-09-19,20350,0.556452,496,0.791667,48,1.0000,1.0000
2025-09-20,20351,0.471774,496,0.666667,48,1.0395,1.0000
2025-09-21,20352,0.486922,497,0.666667,48,1.0183,1.0000
2025-09-22,20353,0.481928,498,0.625000,48,1.0253,1.0000
2025-09-23,20354,0.315261,498,0.437500,48,1.2586,1.0875
2025-09-24,20355,0.308617,499,0.458333,48,1.2679,1.0583
2025-09-25,20356,0.318000,500,0.479167,48,1.2548,1.0292
2025-09-26,20357,0.253493,501,0.375000,48,1.3451,1.1750
2025-09-27,20358,0.278884,502,0.395833,48,1.3096,1.1458
2025-09-28,20359,0.290258,503,0.416667,48,1.2936,1.1167
2025-09-29,20360,0.288270,503,0.416667,48,1.2964,1.1167
2025-09-30,20361,0.306163,503,0.500000,48,1.2714,1.0000
2025-10-01,20362,0.277778,504,0.437500,48,1.3111,1.0875
2025-10-02,20363,0.332673,505,0.583333,48,1.2343,1.0000
2025-10-03,20364,0.391732,508,0.666667,48,1.1516,1.0000
2025-10-04,20365,0.415354,508,0.666667,48,1.1185,1.0000
2025-10-05,20366,0.360236,508,0.541667,48,1.1957,1.0000
2025-10-06,20367,0.352362,508,0.541667,48,1.2067,1.0000
2025-10-07,20368,0.437008,508,0.687500,48,1.0882,1.0000
2025-10-08,20369,0.361493,509,0.520833,48,1.1939,1.0000
2025-10-09,20370,0.390625,512,0.645833,48,1.1531,1.0000
2025-10-10,20371,0.343750,512,0.520833,48,1.2188,1.0000
2025-10-11,20372,0.140351,513,0.229167,48,1.5035,1.3792
2025-10-12,20373,0.135922,515,0.250000,48,1.5097,1.3500
2025-10-13,20374,0.184466,515,0.333333,48,1.4417,1.2333
2025-10-14,20375,0.231068,515,0.395833,48,1.3765,1.1458
2025-10-15,20376,0.187984,516,0.312500,48,1.4368,1.2625
2025-10-16,20377,0.162791,516,0.291667,48,1.4721,1.2917
2025-10-17,20378,0.163776,519,0.270833,48,1.4707,1.3208
2025-10-18,20379,0.157390,521,0.208333,48,1.4797,1.4083
2025-10-19,20380,0.164436,523,0.229167,48,1.4698,1.3792
2025-10-20,20381,0.160612,523,0.250000,48,1.4751,1.3500
2025-10-21,20382,0.170172,523,0.270833,48,1.4618,1.3208
2025-10-22,20383,0.170172,523,0.291667,48,1.4618,1.2917
2025-10-23,20384,0.148855,524,0.229167,48,1.4916,1.3792
2025-10-24,20385,0.158095,525,0.250000,48,1.4787,1.3500
2025-10-25,20386,0.171103,526,0.291667,48,1.4605,1.2917
2025-10-26,20387,0.175472,530,0.270833,48,1.4543,1.3208
2025-10-27,20388,0.184557,531,0.270833,48,1.4416,1.3208
2025-10-28,20389,0.184557,531,0.270833,48,1.4416,1.3208
2025-10-29,20390,0.161351,533,0.250000,48,1.4741,1.3500
2025-10-30,20391,0.173832,535,0.291667,48,1.4566,1.2917
2025-10-31,20392,0.152700,537,0.250000,48,1.4862,1.3500
2025-11-01,20393,0.161710,538,0.270833,48,1.4736,1.3208
2025-11-02,20394,0.163265,539,0.270833,48,1.4714,1.3208
2025-11-03,20395,0.165121,539,0.270833,48,1.4688,1.3208
2025-11-04,20396,0.152134,539,0.229167,48,1.4870,1.3792
2025-11-05,20397,0.144444,540,0.187500,48,1.4978,1.4375
2025-11-06,20398,0.153420,541,0.208333,48,1.4852,1.4083
2025-11-07,20399,0.149446,542,0.187500,48,1.4908,1.4375
2025-11-08,20400,0.182320,543,0.291667,48,1.4448,1.2917
2025-11-09,20401,0.165138,545,0.270833,48,1.4688,1.3208
2025-11-10,20402,0.172161,546,0.291667,48,1.4590,1.2917
2025-11-11,20403,0.170330,546,0.291667,48,1.4615,1.2917
2025-11-12,20404,0.151737,547,0.250000,48,1.4876,1.3500
2025-11-13,20405,0.153005,549,0.208333,48,1.4858,1.4083
2025-11-14,20406,0.141818,550,0.187500,48,1.5015,1.4375
2025-11-15,20407,0.134545,550,0.187500,48,1.5116,1.4375
2025-11-16,20408,0.132007,553,0.187500,48,1.5152,1.4375
2025-11-17,20409,0.128159,554,0.187500,48,1.5206,1.4375
2025-11-18,20410,0.128159,554,0.187500,48,1.5206,1.4375
2025-11-19,20411,0.129964,554,0.208333,48,1.5181,1.4083
2025-11-20,20412,0.118919,555,0.187500,48,1.5335,1.4375
2025-11-21,20413,0.116906,556,0.187500,48,1.5363,1.4375
2025-11-22,20414,0.113106,557,0.187500,48,1.5417,1.4375
2025-11-23,20415,0.111111,558,0.187500,48,1.5444,1.4375
2025-11-24,20416,0.116487,558,0.208333,48,1.5369,1.4083
2025-11-25,20417,0.112903,558,0.208333,48,1.5419,1.4083
2025-11-26,20418,0.112500,560,0.208333,48,1.5425,1.4083
2025-11-27,20419,0.116071,560,0.208333,48,1.5375,1.4083
2025-11-28,20420,0.117438,562,0.208333,48,1.5356,1.4083
2025-11-29,20421,0.119217,562,0.208333,48,1.5331,1.4083
2025-11-30,20422,0.120782,563,0.208333,48,1.5309,1.4083
2025-12-01,20423,0.120782,563,0.208333,48,1.5309,1.4083
2025-12-02,20424,0.104796,563,0.166667,48,1.5533,1.4667
2025-12-03,20425,0.111901,563,0.187500,48,1.5433,1.4375
2025-12-04,20426,0.118794,564,0.187500,48,1.5337,1.4375
2025-12-05,20427,0.113274,565,0.187500,48,1.5414,1.4375
2025-12-06,20428,0.114437,568,0.187500,48,1.5398,1.4375
2025-12-07,20429,0.119718,568,0.187500,48,1.5324,1.4375
2025-12-08,20430,0.109155,568,0.187500,48,1.5472,1.4375
2025-12-09,20431,0.112676,568,0.187500,48,1.5423,1.4375
2025-12-10,20432,0.112478,569,0.208333,48,1.5425,1.4083
2025-12-11,20433,0.117544,570,0.187500,48,1.5354,1.4375
2025-12-12,20434,0.118881,572,0.187500,48,1.5336,1.4375
2025-12-13,20435,0.111888,572,0.187500,48,1.5434,1.4375
2025-12-14,20436,0.111498,574,0.187500,48,1.5439,1.4375
2025-12-15,20437,0.113240,574,0.187500,48,1.5415,1.4375
2025-12-16,20438,0.108014,574,0.187500,48,1.5488,1.4375
2025-12-17,20439,0.113240,574,0.187500,48,1.5415,1.4375
2025-12-18,20440,0.109756,574,0.166667,48,1.5463,1.4667
2025-12-19,20441,0.104530,574,0.166667,48,1.5537,1.4667
2025-12-20,20442,0.104530,574,0.166667,48,1.5537,1.4667
2025-12-21,20443,0.111498,574,0.166667,48,1.5439,1.4667
2025-12-22,20444,0.109756,574,0.166667,48,1.5463,1.4667
2025-12-23,20445,0.114983,574,0.166667,48,1.5390,1.4667
2025-12-24,20446,0.114783,575,0.166667,48,1.5393,1.4667
2025-12-25,20447,0.109565,575,0.166667,48,1.5466,1.4667
2025-12-26,20448,0.109375,576,0.166667,48,1.5469,1.4667
2025-12-27,20449,0.109375,576,0.166667,48,1.5469,1.4667
2025-12-28,20450,0.112847,576,0.166667,48,1.5420,1.4667
2025-12-29,20451,0.112847,576,0.166667,48,1.5420,1.4667
2025-12-30,20452,0.118056,576,0.166667,48,1.5347,1.4667
2025-12-31,20453,0.112847,576,0.166667,48,1.5420,1.4667
