config,dataset,year,n,win_pct,tsloss_pct,meanP_pct,pnl_usd,ret_pct,maxDD_pct,uw_days,equity_end,note
T100,wfo_ds_x1_2021(2021-07..2025-12),2021,293,81.57,18.43,2.122,3248.0,9.28,-7.35,47,38247.0,baseline goc scale=1.00
T100,wfo_ds_x1_2021(2021-07..2025-12),2022,406,82.27,17.0,2.2,6619.0,17.31,-12.46,64,44866.0,baseline goc scale=1.00
T100,wfo_ds_x1_2021(2021-07..2025-12),2023,307,88.93,13.36,5.815,27358.0,60.43,-2.51,45,71978.0,baseline goc scale=1.00
T100,wfo_ds_x1_2021(2021-07..2025-12),2024,669,86.1,14.65,3.883,32343.0,45.36,-11.36,121,104567.0,baseline goc scale=1.00
T100,wfo_ds_x1_2021(2021-07..2025-12),2025,884,83.26,14.82,2.512,17202.0,16.45,-10.6,227,121770.0,baseline goc scale=1.00
T100,wfo_ds_x1_2021(2021-07..2025-12),TOTAL,2559,84.33,15.36,3.173,86770.0,247.91,-16.13,248,121770.0,baseline goc scale=1.00
T130,wfo_ds_x1_2021(2021-07..2025-12),2021,194,85.05,14.95,3.282,2552.0,7.29,-6.44,58,37551.0,baseline goc scale=1.30
T130,wfo_ds_x1_2021(2021-07..2025-12),2022,261,84.29,14.18,3.168,7123.0,18.97,-13.14,78,44674.0,baseline goc scale=1.30
T130,wfo_ds_x1_2021(2021-07..2025-12),2023,197,88.83,14.21,6.673,20189.0,44.69,-2.51,42,64640.0,baseline goc scale=1.30
T130,wfo_ds_x1_2021(2021-07..2025-12),2024,411,86.62,14.36,3.86,18443.0,28.95,-9.7,141,83306.0,baseline goc scale=1.30
T130,wfo_ds_x1_2021(2021-07..2025-12),2025,517,84.33,11.61,3.032,9310.0,11.18,-18.34,221,92616.0,baseline goc scale=1.30
T130,wfo_ds_x1_2021(2021-07..2025-12),TOTAL,1580,85.57,13.48,3.755,57617.0,164.62,-18.34,221,92616.0,baseline goc scale=1.30
T170,wfo_ds_x1_2021(2021-07..2025-12),2021,149,92.62,7.38,4.368,4273.0,12.21,-2.46,37,39272.0,baseline goc scale=1.70 (INCUMBENT)
T170,wfo_ds_x1_2021(2021-07..2025-12),2022,198,83.84,11.11,3.861,7688.0,19.58,-11.84,72,46960.0,baseline goc scale=1.70 (INCUMBENT)
T170,wfo_ds_x1_2021(2021-07..2025-12),2023,125,88.8,15.2,8.21,16637.0,34.96,-2.73,63,63378.0,baseline goc scale=1.70 (INCUMBENT)
T170,wfo_ds_x1_2021(2021-07..2025-12),2024,282,89.72,10.99,4.721,20097.0,32.14,-6.6,92,83695.0,baseline goc scale=1.70 (INCUMBENT)
T170,wfo_ds_x1_2021(2021-07..2025-12),2025,335,87.46,6.87,5.784,27375.0,32.71,-4.23,52,111070.0,baseline goc scale=1.70 (INCUMBENT)
T170,wfo_ds_x1_2021(2021-07..2025-12),TOTAL,1089,88.25,9.73,5.244,76070.0,217.34,-11.84,92,111070.0,baseline goc scale=1.70 (INCUMBENT)
T100_NOBD,wfo_ds_x1_2021(2021-07..2025-12),2021,265,79.62,20.38,1.683,2749.0,7.85,-7.6,47,37748.0,NOBD: tat BIG_DOWN+DCA_LEVEL1
T100_NOBD,wfo_ds_x1_2021(2021-07..2025-12),2022,360,83.33,16.39,1.732,3592.0,9.52,-13.31,64,41340.0,NOBD: tat BIG_DOWN+DCA_LEVEL1
T100_NOBD,wfo_ds_x1_2021(2021-07..2025-12),2023,289,88.93,11.76,6.27,26781.0,64.26,-2.63,57,67907.0,NOBD: tat BIG_DOWN+DCA_LEVEL1
T100_NOBD,wfo_ds_x1_2021(2021-07..2025-12),2024,625,85.6,15.2,3.813,28797.0,42.8,-11.13,121,96919.0,NOBD: tat BIG_DOWN+DCA_LEVEL1
T100_NOBD,wfo_ds_x1_2021(2021-07..2025-12),2025,784,84.69,15.05,1.368,9335.0,9.63,-12.15,302,106254.0,NOBD: tat BIG_DOWN+DCA_LEVEL1
T100_NOBD,wfo_ds_x1_2021(2021-07..2025-12),TOTAL,2323,84.67,15.5,2.728,71254.0,203.58,-17.17,302,106254.0,NOBD: tat BIG_DOWN+DCA_LEVEL1
T130_NOBD,wfo_ds_x1_2021(2021-07..2025-12),2021,173,83.24,16.76,2.989,2499.0,7.14,-6.44,44,37499.0,NOBD
T130_NOBD,wfo_ds_x1_2021(2021-07..2025-12),2022,226,84.51,15.93,1.944,3490.0,9.31,-11.34,129,40989.0,NOBD
T130_NOBD,wfo_ds_x1_2021(2021-07..2025-12),2023,173,90.75,9.83,7.735,19669.0,47.52,-2.23,35,60465.0,NOBD
T130_NOBD,wfo_ds_x1_2021(2021-07..2025-12),2024,370,85.95,15.14,3.878,16627.0,27.89,-10.08,141,77285.0,NOBD
T130_NOBD,wfo_ds_x1_2021(2021-07..2025-12),2025,441,86.39,12.47,1.937,8877.0,11.49,-9.05,224,86162.0,NOBD
T130_NOBD,wfo_ds_x1_2021(2021-07..2025-12),TOTAL,1383,86.12,13.96,3.314,51163.0,146.18,-11.34,224,86162.0,NOBD
T170_NOBD,wfo_ds_x1_2021(2021-07..2025-12),2021,126,91.27,8.73,3.984,3732.0,10.66,-2.64,38,38732.0,NOBD
T170_NOBD,wfo_ds_x1_2021(2021-07..2025-12),2022,171,84.21,15.2,2.141,3952.0,10.2,-9.9,131,42683.0,NOBD
T170_NOBD,wfo_ds_x1_2021(2021-07..2025-12),2023,97,93.81,6.19,10.477,15770.0,36.95,-0.51,43,58453.0,NOBD
T170_NOBD,wfo_ds_x1_2021(2021-07..2025-12),2024,243,88.89,11.93,4.641,15962.0,27.31,-7.12,88,74415.0,NOBD
T170_NOBD,wfo_ds_x1_2021(2021-07..2025-12),2025,263,90.11,8.75,3.829,15831.0,21.28,-5.12,54,90247.0,NOBD
T170_NOBD,wfo_ds_x1_2021(2021-07..2025-12),TOTAL,900,89.22,10.56,4.466,55247.0,157.85,-9.9,225,90247.0,NOBD
GS100,wfo_ds_x1_2021(2021-07..2025-12),2021,342,80.99,17.84,2.762,2601.0,7.43,-4.33,47,37601.0,V3 noi gate 1.00 + margin50% + DCA8
GS100,wfo_ds_x1_2021(2021-07..2025-12),2022,495,78.99,16.57,2.369,6203.0,16.5,-10.83,64,43804.0,V3 noi gate 1.00 + margin50% + DCA8
GS100,wfo_ds_x1_2021(2021-07..2025-12),2023,318,88.99,12.58,6.164,16243.0,36.85,-1.52,57,59944.0,V3 noi gate 1.00 + margin50% + DCA8
GS100,wfo_ds_x1_2021(2021-07..2025-12),2024,776,85.44,12.37,4.68,25740.0,43.15,-7.91,88,85787.0,V3 noi gate 1.00 + margin50% + DCA8
GS100,wfo_ds_x1_2021(2021-07..2025-12),2025,1084,80.54,12.27,2.9,36082.0,42.06,-6.27,221,121869.0,V3 noi gate 1.00 + margin50% + DCA8
GS100,wfo_ds_x1_2021(2021-07..2025-12),TOTAL,3015,82.49,13.67,3.6,86869.0,248.2,-12.66,221,121869.0,V3 noi gate 1.00 + margin50% + DCA8
GS120,wfo_ds_x1_2021(2021-07..2025-12),2021,270,83.7,14.44,3.271,2626.0,7.5,-3.03,33,37626.0,V3 noi gate 1.20 + margin50% + DCA8
GS120,wfo_ds_x1_2021(2021-07..2025-12),2022,390,78.46,14.62,2.896,5538.0,14.72,-9.77,113,43164.0,V3 noi gate 1.20 + margin50% + DCA8
GS120,wfo_ds_x1_2021(2021-07..2025-12),2023,230,89.13,13.04,6.584,12231.0,28.12,-1.48,57,55300.0,V3 noi gate 1.20 + margin50% + DCA8
GS120,wfo_ds_x1_2021(2021-07..2025-12),2024,533,83.68,12.76,4.274,14468.0,26.37,-7.59,145,69863.0,V3 noi gate 1.20 + margin50% + DCA8
GS120,wfo_ds_x1_2021(2021-07..2025-12),2025,754,80.11,11.27,2.881,23161.0,33.15,-6.43,221,93024.0,V3 noi gate 1.20 + margin50% + DCA8
GS120,wfo_ds_x1_2021(2021-07..2025-12),TOTAL,2177,82.09,12.82,3.664,58025.0,165.78,-9.77,221,93024.0,V3 noi gate 1.20 + margin50% + DCA8
GS140,wfo_ds_x1_2021(2021-07..2025-12),2021,203,86.7,9.36,3.944,2843.0,8.12,-1.85,22,37842.0,V3 noi gate 1.40 + margin50% + DCA8
GS140,wfo_ds_x1_2021(2021-07..2025-12),2022,304,76.32,13.82,2.622,5063.0,13.38,-8.62,109,42905.0,V3 noi gate 1.40 + margin50% + DCA8
GS140,wfo_ds_x1_2021(2021-07..2025-12),2023,179,89.94,12.85,7.259,10544.0,24.36,-1.31,37,53357.0,V3 noi gate 1.40 + margin50% + DCA8
GS140,wfo_ds_x1_2021(2021-07..2025-12),2024,434,86.41,10.37,4.797,13765.0,26.01,-5.62,89,67214.0,V3 noi gate 1.40 + margin50% + DCA8
GS140,wfo_ds_x1_2021(2021-07..2025-12),2025,542,81.18,9.96,3.627,19421.0,28.89,-5.65,221,86635.0,V3 noi gate 1.40 + margin50% + DCA8
GS140,wfo_ds_x1_2021(2021-07..2025-12),TOTAL,1662,83.27,11.01,4.179,51635.0,147.53,-8.62,221,86635.0,V3 noi gate 1.40 + margin50% + DCA8
GS085,wfo_ds_x1_2021(2021-07..2025-12),2021,446,81.39,18.61,3.065,4143.0,10.85,-5.21,47,38799.0,V4-A gate 0.85
GS085,wfo_ds_x1_2021(2021-07..2025-12),2022,655,75.42,20.15,1.435,4213.0,11.85,-11.88,53,43355.0,V4-A gate 0.85
GS085,wfo_ds_x1_2021(2021-07..2025-12),2023,404,86.63,15.35,5.236,16901.0,37.61,-1.59,53,59661.0,V4-A gate 0.85
GS085,wfo_ds_x1_2021(2021-07..2025-12),2024,1031,80.6,17.56,3.678,20255.0,34.82,-8.62,114,80510.0,V4-A gate 0.85
GS085,wfo_ds_x1_2021(2021-07..2025-12),2025,1560,77.56,15.83,1.79,12259.0,15.23,-13.94,236,92769.0,V4-A gate 0.85
GS085,wfo_ds_x1_2021(2021-07..2025-12),TOTAL,4096,79.3,17.21,2.687,57770.0,165.05,-13.94,236,92769.0,V4-A gate 0.85
GS070,wfo_ds_x1_2021(2021-07..2025-12),2021,650,76.92,22.46,2.459,4056.0,10.4,-6.92,34,38639.0,V4-A gate 0.70
GS070,wfo_ds_x1_2021(2021-07..2025-12),2022,918,73.42,22.66,0.751,-2446.0,-5.15,-23.24,318,36609.0,V4-A gate 0.70
GS070,wfo_ds_x1_2021(2021-07..2025-12),2023,566,84.81,15.37,5.027,18774.0,48.34,-2.2,63,54306.0,V4-A gate 0.70
GS070,wfo_ds_x1_2021(2021-07..2025-12),2024,1523,79.38,19.76,3.179,14730.0,28.69,-12.16,242,69996.0,V4-A gate 0.70
GS070,wfo_ds_x1_2021(2021-07..2025-12),2025,2661,73.58,19.84,0.571,-13039.0,-18.58,-26.35,302,57089.0,V4-A gate 0.70
GS070,wfo_ds_x1_2021(2021-07..2025-12),TOTAL,6318,76.31,20.1,1.819,22075.0,63.11,-26.35,400,57089.0,V4-A gate 0.70
GS055,wfo_ds_x1_2021(2021-07..2025-12),2021,1122,76.02,23.71,2.287,7491.0,19.43,-10.59,67,41801.0,V4-A gate 0.55
GS055,wfo_ds_x1_2021(2021-07..2025-12),2022,1409,73.81,25.48,0.906,959.0,4.0,-20.66,144,43450.0,V4-A gate 0.55
GS055,wfo_ds_x1_2021(2021-07..2025-12),2023,905,82.43,19.67,4.077,24783.0,53.56,-4.35,85,66723.0,V4-A gate 0.55
GS055,wfo_ds_x1_2021(2021-07..2025-12),2024,2555,77.46,22.23,2.634,16994.0,27.42,-21.23,263,84676.0,V4-A gate 0.55
GS055,wfo_ds_x1_2021(2021-07..2025-12),2025,5571,71.35,21.83,0.167,-33088.0,-37.55,-41.68,359,52804.0,V4-A gate 0.55
GS055,wfo_ds_x1_2021(2021-07..2025-12),TOTAL,11562,74.32,22.38,1.314,17140.0,50.87,-41.68,359,52804.0,V4-A gate 0.55
K10_GS100,wfo_ds_x1_2021(2021-07..2025-12),2021,414,80.68,18.12,2.725,2756.0,7.87,-5.31,46,37756.0,V4-B topK=10 tren nen GS100
K10_GS100,wfo_ds_x1_2021(2021-07..2025-12),2022,555,76.94,19.82,1.271,2858.0,7.57,-13.46,187,40614.0,V4-B topK=10 tren nen GS100
K10_GS100,wfo_ds_x1_2021(2021-07..2025-12),2023,380,87.89,13.68,6.058,16972.0,41.55,-1.92,33,57488.0,V4-B topK=10 tren nen GS100
K10_GS100,wfo_ds_x1_2021(2021-07..2025-12),2024,915,85.36,13.55,4.607,25142.0,43.95,-8.31,88,82728.0,V4-B topK=10 tren nen GS100
K10_GS100,wfo_ds_x1_2021(2021-07..2025-12),2025,1262,80.03,13.31,2.636,26174.0,31.64,-7.07,223,108902.0,V4-B topK=10 tren nen GS100
K10_GS100,wfo_ds_x1_2021(2021-07..2025-12),TOTAL,3526,81.85,15.0,3.312,73902.0,211.15,-16.59,279,108902.0,V4-B topK=10 tren nen GS100
K12_GS100,wfo_ds_x1_2021(2021-07..2025-12),2021,472,79.03,19.28,2.51,2381.0,6.8,-6.47,46,37381.0,V4-B topK=12 tren nen GS100
K12_GS100,wfo_ds_x1_2021(2021-07..2025-12),2022,626,77.0,21.88,0.989,1730.0,4.63,-16.1,224,39111.0,V4-B topK=12 tren nen GS100
K12_GS100,wfo_ds_x1_2021(2021-07..2025-12),2023,439,86.79,14.81,5.735,17364.0,44.07,-2.25,53,56347.0,V4-B topK=12 tren nen GS100
K12_GS100,wfo_ds_x1_2021(2021-07..2025-12),2024,1041,85.11,13.93,4.644,25786.0,46.12,-8.74,86,82261.0,V4-B topK=12 tren nen GS100
K12_GS100,wfo_ds_x1_2021(2021-07..2025-12),2025,1427,79.75,14.51,2.694,25503.0,31.0,-6.71,222,107765.0,V4-B topK=12 tren nen GS100
K12_GS100,wfo_ds_x1_2021(2021-07..2025-12),TOTAL,4005,81.4,16.1,3.246,72765.0,207.9,-20.04,425,107765.0,V4-B topK=12 tren nen GS100
DCA20_GS100V4,wfo_ds_x1_2021(2021-07..2025-12),2021,313,81.15,18.85,3.008,2867.0,8.19,-4.59,47,37867.0,V4-C X=-20% tren nen GS100
DCA20_GS100V4,wfo_ds_x1_2021(2021-07..2025-12),2022,473,79.49,15.01,2.79,6688.0,17.66,-10.23,64,44555.0,V4-C X=-20% tren nen GS100
DCA20_GS100V4,wfo_ds_x1_2021(2021-07..2025-12),2023,313,89.14,12.78,6.039,15738.0,35.09,-1.52,57,60190.0,V4-C X=-20% tren nen GS100
DCA20_GS100V4,wfo_ds_x1_2021(2021-07..2025-12),2024,704,84.52,13.92,4.243,21076.0,35.23,-7.61,92,81369.0,V4-C X=-20% tren nen GS100
DCA20_GS100V4,wfo_ds_x1_2021(2021-07..2025-12),2025,985,81.02,13.1,2.511,27158.0,33.38,-6.79,221,108527.0,V4-C X=-20% tren nen GS100
DCA20_GS100V4,wfo_ds_x1_2021(2021-07..2025-12),TOTAL,2788,82.57,14.24,3.448,73528.0,210.08,-10.99,221,108527.0,V4-C X=-20% tren nen GS100
DCA25_GS100V4,wfo_ds_x1_2021(2021-07..2025-12),2021,305,81.97,18.69,2.643,2554.0,7.3,-4.57,47,37554.0,V4-C X=-25% tren nen GS100
DCA25_GS100V4,wfo_ds_x1_2021(2021-07..2025-12),2022,465,80.0,14.62,3.051,6864.0,18.28,-9.97,64,44418.0,V4-C X=-25% tren nen GS100
DCA25_GS100V4,wfo_ds_x1_2021(2021-07..2025-12),2023,312,89.1,13.14,5.952,15404.0,34.45,-1.53,57,59720.0,V4-C X=-25% tren nen GS100
DCA25_GS100V4,wfo_ds_x1_2021(2021-07..2025-12),2024,686,85.57,14.14,4.15,20996.0,35.37,-7.45,91,80817.0,V4-C X=-25% tren nen GS100
DCA25_GS100V4,wfo_ds_x1_2021(2021-07..2025-12),2025,966,81.88,12.94,2.591,28005.0,34.65,-4.77,183,108822.0,V4-C X=-25% tren nen GS100
DCA25_GS100V4,wfo_ds_x1_2021(2021-07..2025-12),TOTAL,2734,83.32,14.19,3.45,73823.0,210.92,-10.45,212,108822.0,V4-C X=-25% tren nen GS100
DCA30_GS100V4,wfo_ds_x1_2021(2021-07..2025-12),2021,302,82.12,17.55,2.852,2745.0,7.84,-4.24,47,37745.0,V4-C X=-30% tren nen GS100
DCA30_GS100V4,wfo_ds_x1_2021(2021-07..2025-12),2022,455,81.1,14.95,3.411,6996.0,18.53,-10.03,63,44741.0,V4-C X=-30% tren nen GS100
DCA30_GS100V4,wfo_ds_x1_2021(2021-07..2025-12),2023,312,89.1,13.14,5.956,15517.0,34.45,-1.52,57,60154.0,V4-C X=-30% tren nen GS100
DCA30_GS100V4,wfo_ds_x1_2021(2021-07..2025-12),2024,681,85.9,14.54,4.056,20494.0,34.28,-7.61,91,80752.0,V4-C X=-30% tren nen GS100
DCA30_GS100V4,wfo_ds_x1_2021(2021-07..2025-12),2025,943,82.61,13.04,2.386,24744.0,30.64,-4.4,183,105495.0,V4-C X=-30% tren nen GS100
DCA30_GS100V4,wfo_ds_x1_2021(2021-07..2025-12),TOTAL,2693,83.88,14.26,3.447,70496.0,201.41,-10.66,211,105495.0,V4-C X=-30% tren nen GS100
DCA5_T170V1,wfo_ds_x1_2021(2021-07..2025-12),2021,182,90.66,7.69,4.624,3293.0,9.41,-1.33,37,38292.0,V1 X=-5% cooldown60p tren nen T170
DCA5_T170V1,wfo_ds_x1_2021(2021-07..2025-12),2022,266,81.2,8.27,4.109,6796.0,17.75,-7.62,73,45088.0,V1 X=-5% cooldown60p tren nen T170
DCA5_T170V1,wfo_ds_x1_2021(2021-07..2025-12),2023,127,89.76,13.39,8.395,9154.0,20.1,-1.21,62,54149.0,V1 X=-5% cooldown60p tren nen T170
DCA5_T170V1,wfo_ds_x1_2021(2021-07..2025-12),2024,324,89.51,9.26,5.047,12000.0,22.37,-4.8,88,66242.0,V1 X=-5% cooldown60p tren nen T170
DCA5_T170V1,wfo_ds_x1_2021(2021-07..2025-12),2025,413,85.96,5.08,5.017,19663.0,29.68,-4.42,164,85904.0,V1 X=-5% cooldown60p tren nen T170
DCA5_T170V1,wfo_ds_x1_2021(2021-07..2025-12),TOTAL,1312,86.89,7.93,5.113,50905.0,145.44,-7.62,164,85904.0,V1 X=-5% cooldown60p tren nen T170
DCA8_T170V1,wfo_ds_x1_2021(2021-07..2025-12),2021,178,88.2,7.87,4.376,3094.0,8.84,-1.55,37,38094.0,V1 X=-8% cooldown60p tren nen T170
DCA8_T170V1,wfo_ds_x1_2021(2021-07..2025-12),2022,259,80.69,6.18,4.819,7713.0,20.25,-7.46,73,45807.0,V1 X=-8% cooldown60p tren nen T170
DCA8_T170V1,wfo_ds_x1_2021(2021-07..2025-12),2023,126,88.89,14.29,8.337,9136.0,19.74,-1.41,63,54849.0,V1 X=-8% cooldown60p tren nen T170
DCA8_T170V1,wfo_ds_x1_2021(2021-07..2025-12),2024,315,88.89,9.21,5.282,12642.0,23.26,-3.74,88,67585.0,V1 X=-8% cooldown60p tren nen T170
DCA8_T170V1,wfo_ds_x1_2021(2021-07..2025-12),2025,398,84.17,5.53,5.129,20574.0,30.44,-3.85,52,88159.0,V1 X=-8% cooldown60p tren nen T170
DCA8_T170V1,wfo_ds_x1_2021(2021-07..2025-12),TOTAL,1276,85.66,7.76,5.316,53160.0,151.88,-7.46,88,88159.0,V1 X=-8% cooldown60p tren nen T170
DCA12_T170V1,wfo_ds_x1_2021(2021-07..2025-12),2021,162,87.65,8.64,4.307,2907.0,8.3,-1.87,37,37906.0,V1 X=-12% cooldown60p tren nen T170
DCA12_T170V1,wfo_ds_x1_2021(2021-07..2025-12),2022,257,78.6,7.39,4.707,7280.0,19.21,-6.66,73,45186.0,V1 X=-12% cooldown60p tren nen T170
DCA12_T170V1,wfo_ds_x1_2021(2021-07..2025-12),2023,126,88.89,14.29,8.337,9012.0,19.74,-1.4,63,54106.0,V1 X=-12% cooldown60p tren nen T170
DCA12_T170V1,wfo_ds_x1_2021(2021-07..2025-12),2024,304,87.83,9.54,5.315,12342.0,23.02,-3.35,88,66541.0,V1 X=-12% cooldown60p tren nen T170
DCA12_T170V1,wfo_ds_x1_2021(2021-07..2025-12),2025,378,83.6,5.29,4.915,18542.0,27.87,-3.85,52,85083.0,V1 X=-12% cooldown60p tren nen T170
DCA12_T170V1,wfo_ds_x1_2021(2021-07..2025-12),TOTAL,1227,84.68,8.15,5.242,50083.0,143.09,-6.66,88,85083.0,V1 X=-12% cooldown60p tren nen T170
DCA30_T170V2,wfo_ds_x1_2021(2021-07..2025-12),2021,149,92.62,7.38,4.368,2948.0,8.42,-1.44,37,37948.0,V2 X=-30% cooldown24h tren nen T170
DCA30_T170V2,wfo_ds_x1_2021(2021-07..2025-12),2022,214,84.11,8.88,4.325,6215.0,16.38,-6.1,73,44162.0,V2 X=-30% cooldown24h tren nen T170
DCA30_T170V2,wfo_ds_x1_2021(2021-07..2025-12),2023,125,88.8,15.2,8.21,8627.0,19.33,-1.41,63,52698.0,V2 X=-30% cooldown24h tren nen T170
DCA30_T170V2,wfo_ds_x1_2021(2021-07..2025-12),2024,286,89.86,11.54,4.869,10801.0,20.7,-3.42,88,63590.0,V2 X=-30% cooldown24h tren nen T170
DCA30_T170V2,wfo_ds_x1_2021(2021-07..2025-12),2025,342,87.13,5.85,4.764,17004.0,26.74,-2.16,52,80595.0,V2 X=-30% cooldown24h tren nen T170
DCA30_T170V2,wfo_ds_x1_2021(2021-07..2025-12),TOTAL,1116,88.17,9.14,5.04,45595.0,130.27,-6.1,88,80595.0,V2 X=-30% cooldown24h tren nen T170
DCA40_T170V2,wfo_ds_x1_2021(2021-07..2025-12),2021,149,92.62,7.38,4.368,2948.0,8.42,-1.44,37,37948.0,V2 X=-40% cooldown36h tren nen T170
DCA40_T170V2,wfo_ds_x1_2021(2021-07..2025-12),2022,206,84.47,11.17,3.202,5082.0,13.39,-6.07,73,43030.0,V2 X=-40% cooldown36h tren nen T170
DCA40_T170V2,wfo_ds_x1_2021(2021-07..2025-12),2023,125,88.8,15.2,8.21,8405.0,19.33,-1.41,63,51347.0,V2 X=-40% cooldown36h tren nen T170
DCA40_T170V2,wfo_ds_x1_2021(2021-07..2025-12),2024,284,89.79,10.92,4.793,10352.0,20.37,-3.58,88,61787.0,V2 X=-40% cooldown36h tren nen T170
DCA40_T170V2,wfo_ds_x1_2021(2021-07..2025-12),2025,340,87.06,6.47,4.421,14929.0,24.16,-2.38,52,76716.0,V2 X=-40% cooldown36h tren nen T170
DCA40_T170V2,wfo_ds_x1_2021(2021-07..2025-12),TOTAL,1104,88.22,9.6,4.711,41716.0,119.19,-6.07,88,76716.0,V2 X=-40% cooldown36h tren nen T170
DCA50_T170V2,wfo_ds_x1_2021(2021-07..2025-12),2021,149,92.62,7.38,4.368,2948.0,8.42,-1.44,37,37948.0,V2 X=-50% cooldown48h tren nen T170
DCA50_T170V2,wfo_ds_x1_2021(2021-07..2025-12),2022,205,84.39,10.73,3.111,5023.0,13.24,-6.07,73,42971.0,V2 X=-50% cooldown48h tren nen T170
DCA50_T170V2,wfo_ds_x1_2021(2021-07..2025-12),2023,125,88.8,15.2,8.21,8394.0,19.33,-1.4,63,51277.0,V2 X=-50% cooldown48h tren nen T170
DCA50_T170V2,wfo_ds_x1_2021(2021-07..2025-12),2024,282,89.72,10.99,4.721,10115.0,19.94,-3.59,88,61480.0,V2 X=-50% cooldown48h tren nen T170
DCA50_T170V2,wfo_ds_x1_2021(2021-07..2025-12),2025,340,87.06,6.47,4.421,14857.0,24.17,-2.38,52,76337.0,V2 X=-50% cooldown48h tren nen T170
DCA50_T170V2,wfo_ds_x1_2021(2021-07..2025-12),TOTAL,1101,88.19,9.54,4.677,41338.0,118.11,-6.07,88,76337.0,V2 X=-50% cooldown48h tren nen T170
X2H_V1,wfo_ds_x1_2021(2021-07..2025-12),2021,252,83.73,16.27,2.975,2168.0,6.19,-5.05,44,37168.0,#52 gate1.30/K12/F0.015
X2H_V1,wfo_ds_x1_2021(2021-07..2025-12),2022,342,83.92,14.62,3.391,5712.0,15.37,-10.48,73,42880.0,#52 gate1.30/K12/F0.015
X2H_V1,wfo_ds_x1_2021(2021-07..2025-12),2023,264,88.64,14.39,6.309,12543.0,29.03,-2.18,44,55328.0,#52 gate1.30/K12/F0.015
X2H_V1,wfo_ds_x1_2021(2021-07..2025-12),2024,554,85.38,15.7,3.931,13441.0,24.5,-6.85,117,68864.0,#52 gate1.30/K12/F0.015
X2H_V1,wfo_ds_x1_2021(2021-07..2025-12),2025,688,84.01,12.35,2.972,14820.0,21.52,-6.58,223,83685.0,#52 gate1.30/K12/F0.015
X2H_V1,wfo_ds_x1_2021(2021-07..2025-12),TOTAL,2100,84.9,14.33,3.713,48685.0,139.1,-10.48,223,83685.0,#52 gate1.30/K12/F0.015
X2H_V2,wfo_ds_x1_2021(2021-07..2025-12),2021,297,82.83,17.17,2.872,2083.0,5.95,-5.31,44,37083.0,#52 gate1.30/K16/F0.015
X2H_V2,wfo_ds_x1_2021(2021-07..2025-12),2022,415,83.61,15.18,3.648,6419.0,17.31,-11.41,73,43501.0,#52 gate1.30/K16/F0.015
X2H_V2,wfo_ds_x1_2021(2021-07..2025-12),2023,326,88.04,15.03,6.17,14626.0,33.39,-2.44,45,58027.0,#52 gate1.30/K16/F0.015
X2H_V2,wfo_ds_x1_2021(2021-07..2025-12),2024,686,85.57,15.45,4.186,16687.0,28.97,-8.41,117,74814.0,#52 gate1.30/K16/F0.015
X2H_V2,wfo_ds_x1_2021(2021-07..2025-12),2025,849,84.22,12.13,3.094,17254.0,23.06,-6.98,222,92068.0,#52 gate1.30/K16/F0.015
X2H_V2,wfo_ds_x1_2021(2021-07..2025-12),TOTAL,2573,84.8,14.46,3.838,57068.0,163.05,-11.41,222,92068.0,#52 gate1.30/K16/F0.015
X2H_V3,wfo_ds_x1_2021(2021-07..2025-12),2021,258,84.88,15.12,2.962,2261.0,6.46,-3.34,27,37261.0,#52 gate1.50/K16/F0.015
X2H_V3,wfo_ds_x1_2021(2021-07..2025-12),2022,371,84.1,13.75,3.352,6267.0,16.82,-10.65,72,43528.0,#52 gate1.50/K16/F0.015
X2H_V3,wfo_ds_x1_2021(2021-07..2025-12),2023,247,89.47,13.77,6.904,12463.0,28.41,-2.11,66,55895.0,#52 gate1.50/K16/F0.015
X2H_V3,wfo_ds_x1_2021(2021-07..2025-12),2024,595,89.24,11.43,4.811,18529.0,33.36,-5.87,86,74520.0,#52 gate1.50/K16/F0.015
X2H_V3,wfo_ds_x1_2021(2021-07..2025-12),2025,650,85.54,9.85,3.881,16257.0,21.82,-4.33,221,90777.0,#52 gate1.50/K16/F0.015
X2H_V3,wfo_ds_x1_2021(2021-07..2025-12),TOTAL,2121,86.7,12.07,4.29,55777.0,159.36,-10.65,221,90777.0,#52 gate1.50/K16/F0.015
REGIME,wfo_ds_x1_2021(2021-07..2025-12),2021,207,84.54,15.46,2.8,3031.0,8.66,-6.17,46,38031.0,gate regime-adaptive BTC30d UP1.00/NOTUP1.70
REGIME,wfo_ds_x1_2021(2021-07..2025-12),2022,229,83.84,11.35,3.92,8309.0,21.85,-8.92,73,46340.0,gate regime-adaptive BTC30d UP1.00/NOTUP1.70
REGIME,wfo_ds_x1_2021(2021-07..2025-12),2023,261,87.74,14.56,5.97,23959.0,51.18,-2.95,70,70059.0,gate regime-adaptive BTC30d UP1.00/NOTUP1.70
REGIME,wfo_ds_x1_2021(2021-07..2025-12),2024,593,87.35,13.32,4.09,32069.0,46.2,-8.79,121,102367.0,gate regime-adaptive BTC30d UP1.00/NOTUP1.70
REGIME,wfo_ds_x1_2021(2021-07..2025-12),2025,520,83.08,14.04,3.869,14465.0,14.13,-9.74,189,116832.0,gate regime-adaptive BTC30d UP1.00/NOTUP1.70
REGIME,wfo_ds_x1_2021(2021-07..2025-12),TOTAL,1810,85.41,13.7,4.129,81833.0,233.81,-9.74,189,116832.0,gate regime-adaptive BTC30d UP1.00/NOTUP1.70
GD92,wfo_ds_x1(2022-01..2025-12),2022,416,79.57,19.71,1.276,2536.0,7.24,-13.21,69,37535.0,DATASET KHAC - gate p15 rolling (audit: NULL/nhieu)
GD92,wfo_ds_x1(2022-01..2025-12),2023,503,86.88,15.71,4.784,28940.0,74.12,-5.24,63,65356.0,DATASET KHAC - gate p15 rolling (audit: NULL/nhieu)
GD92,wfo_ds_x1(2022-01..2025-12),2024,798,83.96,16.79,3.501,27833.0,43.91,-11.36,114,94308.0,DATASET KHAC - gate p15 rolling (audit: NULL/nhieu)
GD92,wfo_ds_x1(2022-01..2025-12),2025,638,85.11,11.6,3.967,34670.0,36.76,-6.11,116,128979.0,DATASET KHAC - gate p15 rolling (audit: NULL/nhieu)
GD92,wfo_ds_x1(2022-01..2025-12),TOTAL,2355,84.12,15.67,3.509,93979.0,268.51,-13.21,116,128979.0,DATASET KHAC - gate p15 rolling (audit: NULL/nhieu)
PARITY_R,wfo_ds_x1(2022-01..2025-12),2022,406,82.27,17.0,2.2,6056.0,17.3,-12.46,64,41056.0,DATASET KHAC - baseline doi chieu cua GD92
PARITY_R,wfo_ds_x1(2022-01..2025-12),2023,307,88.93,13.36,5.814,25035.0,60.43,-2.51,45,65866.0,DATASET KHAC - baseline doi chieu cua GD92
PARITY_R,wfo_ds_x1(2022-01..2025-12),2024,669,86.1,14.65,3.883,29596.0,45.36,-11.36,121,95687.0,DATASET KHAC - baseline doi chieu cua GD92
PARITY_R,wfo_ds_x1(2022-01..2025-12),2025,884,83.26,14.82,2.513,15741.0,16.45,-10.6,227,111428.0,DATASET KHAC - baseline doi chieu cua GD92
PARITY_R,wfo_ds_x1(2022-01..2025-12),TOTAL,2266,84.69,14.96,3.308,76428.0,218.37,-12.46,227,111428.0,DATASET KHAC - baseline doi chieu cua GD92
